Unnamed: 0,Unnamed: 1,Unnamed: 2,Unnamed: 3,Unnamed: 4,Unnamed: 5,Unnamed: 6,Unnamed: 7,Unnamed: 8,Unnamed: 9,Unnamed: 10,Unnamed: 11
,,,,,,,,,,,
,,,,,,,,,,,
,,,,,,,,,,,
,,,,,,,,,,,
RIF: J-50050095-5,,,,,,,,,,,
0.1,,,,,,,,,,,
INVENTARIO AL: 16/11/2022,,,,,,,,,,,
Código,Descripción,Marca,PVP,Divisa,PRECIO,Pedido,Total,Columna1,,,
987,9 VIT INFUS MULTI VIT SOL.ESTERIL (I.V),DROVNPLUS,62.92,6.679405520169851,6.0114649681528665,,0,,,,
2244,9-VIT EFERVESCENTE SABOR NARANJA X 20,DROVNPLUS,85.71,9.098726114649681,8.188853503184713,,0,,,,
1110,ACEITE CREMOSO DE ARNICA 250ML,RHELEN,35.23,3.7399150743099785,3.3659235668789806,,0,,,,
863,ACEITE DE ALMENDRAS 30ML,LYA,19.88,2.110403397027601,1.8993630573248408,,0,,,,
1160,ACEITE DE COCO PRENSADO EN FRIO 30ML,LYA,15.45,1.6401273885350318,1.4761146496815287,,0,,,,
722,ACEITE DE RICINO 30ML,LYA,24.68,2.6199575371549892,2.3579617834394906,,0,,,,
864,ACEITE MINERAL 30ML,LYA,18.37,1.9501061571125267,1.755095541401274,,0,,,,
844,ACETA+IBUP+CAF 325/200/40MG BLISTX10TB,JMW,9.89,1.0498938428874736,0.9449044585987262,,0,,,,
845,ACETAMIN+TIOCOLCH 500/4MG BLIST X 10 TAB,JMW,28.73,3.0498938428874736,2.744904458598726,,0,,,,
3015,ACETAMINOFEN 120MG/5ML JARABE X 120ML,COFASA,25.29,2.684713375796178,2.41624203821656,,0,,,,
838,ACETAMINOFEN 120MG/5ML JARABE X120ML,QUIMFAR,19.5,2.070063694267516,1.8630573248407645,,0,,,,
150,ACETAMINOFEN 500MG BLISTER X10,CAPLIN POINT,2.73,0.2898089171974522,0.260828025477707,,0,,,,
3047,ACETAMINOFEN 500MG TAB X 20,ALESS,12.62,1.3397027600849256,1.2057324840764332,,0,,,,
643,ACETAMINOFEN 500MG X20 TAB,BIOMEDIC LAB,5.65,0.599787685774947,0.5398089171974523,,0,,,,
460,ACETAMINOFEN 500MGX 10 TAB,KMPLUS,4.05,0.42993630573248404,0.38694267515923564,,0,,,,
2261,ACETAMINOFEN 650MG BLIST X 10 TAB,JMW,5.18,0.5498938428874734,0.4949044585987261,,0,,,,
247,ACETAMINOFEN 650MG X 10 TAB,PLUS ANDEX,6.62,0.7027600849256901,0.6324840764331211,,0,,,,
10003,ACETAMINOFEN GOTAS 100MG/ML X 15ML,QUIMFAR,13.38,1.4203821656050957,1.278343949044586,,0,,,,
3046,ACETAMINOFEN180MG/5ML JARA PEDRIA 120ML,ALESS,29.48,3.129511677282378,2.81656050955414,,0,,,,
2256,ACETATO DE HIDROCORTISONA 10MGX15G,TEUTO,20.82,2.210191082802548,1.989171974522293,,0,,,,
654,ACETOBEN NF FCO. X 120ML,RONAVA,31.94,3.390658174097665,3.0515923566878986,,0,,,,
2013,ACEVAL 100MG/ML X 30ML SOL GOTAS,VALMORCA,28.26,3,2.7,,0,,,,
2014,ACEVAL 650MG X 10 TAB,VALMORCA,13.38,1.4203821656050957,1.278343949044586,,0,,,,
2259,ACEVAL 650MG X 50TAB (10 BLIST X 5),VALMORCA,56.24,5.9702760084925695,5.373248407643312,,0,,,,
1130,ACICLOVIR 200MG BLIST X 10 TAB,UNICURE,9.7,1.029723991507431,0.9267515923566879,,0,,,,
472,ACICLOVIR 200MG X 10 TABLETAS,KMPLUS,10.55,1.1199575371549895,1.0079617834394905,,0,,,,
885,ACICLOVIR 200MG X 25 COMP,TEUTO,30.05,3.1900212314225054,2.871019108280255,,0,,,,
22,ACIDO ACETILSALICILIC 81MGX10TAB BLISTER,INMENOL,4.43,0.47027600849256895,0.42324840764331206,,0,,,,
1004,ACIDO ACETILSALICILICO 81MG BLIST X10TAB,BRIXMEDIC,4.43,0.47027600849256895,0.42324840764331206,,0,,,,
723,ACIDO BORICO 20GR (PAPELETA),LYA,14.51,1.540339702760085,1.3863057324840764,,0,,,,
872,ACIDO BORICO 400MGX10CAPS.VAGINAL,LYA,28.07,2.9798301486199574,2.681847133757962,,0,,,,
2218,ACIDO FOLICO 10 MG BLIST X 10 TAB,SM PHARMA,5.61,0.5955414012738854,0.5359872611464969,,0,,,,
2320,ACIDO FOLICO 10MG BLIST X 10 TAB,BIOMEDIC LAB,4.9,0.5201698513800425,0.4681528662420382,,0,,,,
772,ACIDO FOLICO 10MG X 20 COMP.,GENERICO DE CALIDAD,10.22,1.0849256900212314,0.9764331210191083,,0,,,,
261,ACIDO FOLICO 10MG X 20 TAB,PLUS ANDEX,8.18,0.8683651804670913,0.7815286624203822,,0,,,,
262,ACIDO FOLICO 10MG X 30 TAB,PLUS ANDEX,12.34,1.3099787685774946,1.1789808917197453,,0,,,,
2015,ACIDO FOLICO 10MG X 30 TAB,GENCER,17.71,1.8800424628450108,1.6920382165605097,,0,,,,
2194,ACIDO FOLICO 5MG BLIST X 10 TAB,CAPLIN POINT,2.45,0.26008492569002123,0.2340764331210191,,0,,,,
149,ACIDO FOLICO 5MG BLISTER X10,SAAD,3.2,0.3397027600849257,0.30573248407643316,,0,,,,
431,ACIDO FOLICO 5MG X 10 TAB BLISTER,MEDEK PHARMA,3.01,0.3195329087048832,0.2875796178343949,,0,,,,
2322,ACIDO FOLICO 5MG X 30 TAB,PLUS ANDEX,9.99,1.0605095541401275,0.9544585987261147,,0,,,,
825,ACIDO TRANEXAMICO 500MG/5ML AMP,VITALIS,19.78,2.099787685774947,1.8898089171974524,,0,,,,
486,ACIDO VALPROICO 500MG BLISTERX 10 TAB,BRIXMEDIC,29.2,3.0997876857749467,2.789808917197452,,0,,,,
2109,ACTIVITON EXTREME X 30 CAP,PHARMATECH,82.43,8.750530785562633,7.87547770700637,,0,,,,
2165,ADELGASEN 400MG X 30CAPS,HERBAPLANT,38.69,4.107218683651804,3.6964968152866238,,0,,,,
2147,ADELGASEN 400MG X 60 CAPS,HERBAPLANT,61.09,6.485138004246285,5.836624203821657,,0,,,,
3003,ADULTCARE CRE DERMOREST CENTE ASIATI30GR,BRUPHARM,48.32,5.129511677282378,4.61656050955414,,0,,,,
3002,ADULTCARE CREMA DERMOPROT PAR ADULT100GR,BRUPHARM,57.93,6.149681528662421,5.534713375796179,,0,,,,
2238,AEROFLAT 80MG/ML GOTAS ORAL X 20ML,COFASA,49,5.201698513800425,4.681528662420383,,0,,,,
624,AGUA OXIGENADA (LITRO) SOL AL 3%,EL GUARDIAN,27.32,2.9002123142250533,2.610191082802548,,0,,,,
10018,AGUJA ESPINAL 23G ESTERIL UNIDAD,MC MEDICAL,5.65,0.599787685774947,0.5398089171974523,,0,,,,
10019,AGUJA ESPINAL 25G ESTERIL UNIDAD,MC MEDICAL,5.65,0.599787685774947,0.5398089171974523,,0,,,,
10020,AGUJA ESPINAL 26 G ESTERIL UNIDAD,MC MEDICAL,5.65,0.599787685774947,0.5398089171974523,,0,,,,
2237,AIRFEN INFANTIL 0.025% SOL X 15ML,COFASA,35.35,3.7526539278131636,3.3773885350318475,,0,,,,
141,ALBENDAZOL 200MG X 2 TAB,PLUS ANDEX,5.97,0.6337579617834395,0.5703821656050956,,0,,,,
248,ALBENDAZOL 200MG X 6 TABLETAS,PLUS ANDEX,10.26,1.089171974522293,0.9802547770700637,,0,,,,
646,ALBENDAZOL 400MG BLISTER X 10TAB,BRIXMEDIC,15.17,1.6104033970276008,1.4493630573248408,,0,,,,
3043,ALBENDAZOL 400MG BLISTER X 2 TAB,CAPLIN POINT,3.86,0.4097664543524416,0.3687898089171974,,0,,,,
2210,ALBENDAZOL SUSP 400MG X 10 ML,INV/QUIMICA,9.23,0.9798301486199575,0.8818471337579618,,0,,,,
2219,ALBEZOL (ALBENDAZOL) 400MG/10ML SUSP,SM PHARMA,8.97,0.9522292993630574,0.8570063694267517,,0,,,,
2139,ALCACHOFA + CENT ASIATICA 350MG X 60CAP,HERBAPLANT,45.82,4.86411889596603,4.377707006369427,,0,,,,
2302,ALCANFOR 10GR PAPELETA,LYA,23.64,2.5095541401273884,2.25859872611465,,0,,,,
725,ALCOHOL ABSOLUTO 96% 30ML,LYA,15.64,1.6602972399150744,1.494267515923567,,0,,,,
819,ALCOHOL ANTIBACTERIAL/ANTIVIRAL (LITRO),BIO-ALCOHOL,38.43,4.079617834394904,3.6716560509554137,,0,,,,
1058,ALCOHOL ISIPROPILICO 70% 1 LITRO,UNIPHARMA,43.52,4.61995753715499,4.157961783439491,,0,,,,
2351,ALCOHOL ISIPROPILICO 70% GALON,UNIPHARMA,129.15,13.710191082802549,12.339171974522294,,0,,,,
164,ALCOHOL ISOPROPILICO 70% (120ML),ZERO,10.36,1.099787685774947,0.9898089171974522,,0,,,,
465,ALCOHOL ISOPROPILICO 70% (240ML),ZERO,13.19,1.400212314225053,1.2601910828025478,,0,,,,
1189,ALCOHOL ISOPROPILICO 70% 1 LT,VITALITY +,45.03,4.780254777070064,4.3022292993630575,,0,,,,
1,ALCOHOL ISOPROPILICO 70% 500ML,ZERO,28.45,3.0201698513800426,2.7181528662420384,,0,,,,
1159,ALCOHOL YODADO 30 ML,LYA,22.61,2.400212314225053,2.1601910828025477,,0,,,,
656,ALGOREN 40MG X 20 TAB,RONAVA,31.58,3.3524416135881103,3.0171974522292992,,0,,,,
700,ALIPAL FORTE DIA Y NOCHE X 10 TAB,BIOTECH,19.48,2.067940552016985,1.8611464968152867,,0,,,,
865,ALIVIAMED 25G GEL ROLL ON,LYA,18.75,1.9904458598726116,1.7914012738853504,,0,,,,
866,ALIVIAMED 50GR CREMA,LYA,32.03,3.4002123142250533,3.060191082802548,,0,,,,
867,ALIVIAMED 60ML ATOMIZADOR,LYA,37.11,3.9394904458598727,3.5455414012738857,,0,,,,
1031,ALOPURINOL 100MG BLIST X 10 TAB,JMW,7.44,0.7898089171974523,0.7108280254777071,,0,,,,
2064,ALPRAM 0.5MG X 30 TAB,VALMORCA,26.75,2.8397027600849256,2.555732484076433,,0,,,,
2065,ALPRAM 1 MG X 30 TAB,VALMORCA,38.34,4.070063694267517,3.663057324840765,,0,,,,
2066,ALPRAM 2 MG X 30 TAB,VALMORCA,52.38,5.560509554140127,5.0044585987261145,,0,,,,
726,ALUMBRE 20GR (PAPELETA),LYA,14.7,1.5605095541401273,1.4044585987261147,,0,,,,
657,ALURON 100MG X 30 TAB,RONAVA,37.74,4.006369426751593,3.6057324840764333,,0,,,,
2220,AMBROX 15MG/5ML X 120ML JBE PED,SM PHARMA,17.5,1.8577494692144374,1.6719745222929936,,0,,,,
1197,AMBROXOL + LORATA (30MG+5MG/5ML) X 120ML,SAGA,31.27,3.319532908704883,2.987579617834395,,0,,,,
1153,AMBROXOL 15MG/5ML X 100 ML PED,BRASTERAPICA,22.04,2.3397027600849256,2.1057324840764333,,0,,,,
2203,AMBROXOL 15MG/5ML X 120ML JBE,SAGA,17.14,1.8195329087048833,1.6375796178343949,,0,,,,
1152,AMBROXOL 30MG/5ML X 100 ML ADULTO,BRASTERAPICA,30.71,3.2600849256900215,2.9340764331210196,,0,,,,
2184,AMBROXOL BRONQTRAT 15MG/5MLX100ML INFANT,NATULAB,31.84,3.3800424628450108,3.0420382165605098,,0,,,,
70,AMIKACINA 100MG AMP,BIOSANO,7.25,0.7696390658174098,0.6926751592356688,,0,,,,
2293,AMIKACINA 500MG / 2ML (I.M/I.V) AMP,BIOSANO,9.89,1.0498938428874736,0.9449044585987262,,0,,,,
2321,AMIKACINA 500MG/2ML (I.M/I.V) AMP,BIOMEDIC LAB,10.27,1.0902335456475583,0.9812101910828025,,0,,,,
634,AMINOFILINA 250MG/10ML AMP,BIOSANO,14.13,1.5,1.35,,0,,,,
846,AMIODARONA 200MG BP BLIST X 10 TAB,JMW,33.06,3.509554140127389,3.15859872611465,,0,,,,
2016,AMIODARONA 200MG X 10 TAB,GENCER,44.65,4.7399150743099785,4.265923566878981,,0,,,,
270,AMIODARONA HCL 200MG X 10 TAB,BIOTECH,40.26,4.273885350318471,3.846496815286624,,0,,,,
3048,AMLODIPINA 10MG TABLETASX 30,ALESS,19.5,2.070063694267516,1.8630573248407645,,0,,,,
531,AMLODIPINA 10MG X 10 TAB,JMW,3.49,0.3704883227176221,0.3334394904458599,,0,,,,
113,AMLODIPINA 10MG X 10 TAB (BLISTER),JMW,3.77,0.4002123142250531,0.3601910828025478,,0,,,,
1050,AMLODIPINA 10MG X 30 COMP,NEOQUIMICA,13.47,1.429936305732484,1.2869426751592357,,0,,,,
32,AMLODIPINA 10MG X30 TAB,CIMED,11.59,1.2303609341825903,1.1073248407643312,,0,,,,
3050,AMLODIPINA 5MG TAB X 30,ALESS,17.9,1.9002123142250529,1.7101910828025477,,0,,,,
114,AMLODIPINA 5MG X 10 TB (BLISTER),JMW,2.26,0.23991507430997874,0.21592356687898087,,0,,,,
2174,AMLODIPINA 5MG X 30 COMP,CIMED,7.35,0.7802547770700636,0.7022292993630573,,0,,,,
2249,AMLODIPINA 5MG X 30 COMP,VITAMEDIC,7.07,0.7505307855626328,0.6754777070063694,,0,,,,
988,AMOXICILINA 875MG/AC.CLAV.125MG X 14COMP,DROVNPLUS,77.06,8.180467091295117,7.362420382165606,,0,,,,
916,AMOXICILINA POLVO SUSP 250MG X 60ML,INMENOL,22.14,2.3503184713375798,2.1152866242038217,,0,,,,
577,AMOXICILINA+AC.CLAV 625MG BLIST X10TAB,BRIXMEDIC,41.73,4.429936305732483,3.986942675159235,,0,,,,
2017,AMOXIVAL 250MG/5ML X 90ML PED,VALMORCA,50.77,5.389596602972399,4.850636942675159,,0,,,,
3075,AMOXIVAL 500MG X 12 CAPS,VALMORCA,37.59,3.990445859872612,3.5914012738853507,,0,,,,
2018,AMOXIVAL 875MG X 20 TAB,VALMORCA,108.61,11.529723991507431,10.376751592356689,,0,,,,
3076,AMOXIVAL A.C 250MG-62.5MG/5MLX60ML,VALMORCA,78.47,8.330148619957537,7.497133757961784,,0,,,,
3082,AMOXIVAL A.C 400MG-57MG/5MLX60ML,VALMORCA,105.98,11.250530785562633,10.12547770700637,,0,,,,
551,AMPICILINA + SULBACTAN 1.5G AMP,EL MORRO,6.59,0.6995753715498938,0.6296178343949045,,0,,,,
2284,AMPICILINA 500MG BLIST X 10 TAB,INMENOL,11.3,1.199575371549894,1.0796178343949046,,0,,,,
2233,ANANTY 120MG/5ML SUSP PED X 120ML,PLUS ANDEX,14.68,1.5583864118895965,1.4025477707006369,,0,,,,
246,ANANTY FORTE 160MG/5ML SUSP PED X 120ML,PLUS ANDEX,16.49,1.7505307855626326,1.5754777070063695,,0,,,,
2012,ANDANTOL JALEA X 20 G,LABORATORIOS VARGAS,38.44,4.080679405520169,3.6726114649681527,,0,,,,
2171,ANEMIPLUS (SULF FERROSO) X 50 COMP,GLOBO,12.81,1.3598726114649682,1.2238853503184715,,0,,,,
868,ANIS ESTRELLADO 8GR PAPELETA,LYA,16.58,1.760084925690021,1.584076433121019,,0,,,,
337,ANTIFOM 40MG COMP REC. X 10,LABORATORIOS VARGAS,46.13,4.897027600849257,4.407324840764331,,0,,,,
593,APETIVITON BC-CIPROSTA-COMPL.B 240ML,CIFARMA,23.27,2.470276008492569,2.2232484076433123,,0,,,,
888,ARNICA (ALIVIOL) POMADAX 20 GR,CIFARMA,14.13,1.5,1.35,,0,,,,
777,ARTENOLOL 100MG X 30 TAB,RONAVA,26.01,2.761146496815287,2.485031847133758,,0,,,,
1005,ATENOLOL 100MG BLIST X 14 TAB,BRIXMEDIC,5.65,0.599787685774947,0.5398089171974523,,0,,,,
1051,ATENOLOL 25MG X 30 COMP,NEOQUIMICA,8.57,0.9097664543524416,0.8187898089171974,,0,,,,
1006,ATENOLOL 50MG BLIST X 10 TAB,BRIXMEDIC,4.14,0.43949044585987257,0.3955414012738853,,0,,,,
963,ATENOLOL 50MG BLIST X 10 TAB,LAND,4.8,0.5095541401273885,0.4585987261146497,,0,,,,
377,ATENOLOL 50MG BLISTER X 10TAB,UNICURE,4.33,0.4596602972399151,0.4136942675159236,,0,,,,
3032,ATENOLOL TAB 100MG X 10 TAB BLISTER,UNICURE,5.18,0.5498938428874734,0.4949044585987261,,0,,,,
989,ATORVASTATINA 20MG BLIST X 10 TAB,DROVNPLUS,11.78,1.2505307855626326,1.1254777070063695,,0,,,,
2345,ATORVASTATINA 20MG BLIST X 10 TAB,UNICURE,6.5,0.6900212314225053,0.6210191082802548,,0,,,,
487,ATORVASTATINA 20MG BLISTER X10 TAB,BRIXMEDIC,8.95,0.9501061571125264,0.8550955414012739,,0,,,,
3051,ATORVASTATINA 20MG TAB X 30,ALESS,34.95,3.710191082802548,3.3391719745222934,,0,,,,
2019,ATORVASTATINA 20MG X 20 TAB,GENCER,38.53,4.090233545647559,3.681210191082803,,0,,,,
2346,ATORVASTATINA 40MG BLIST X 10TAB,UNICURE,9.33,0.9904458598726115,0.8914012738853503,,0,,,,
488,ATORVASTATINA 40MG BLISTER X 10 TABLETAS,BRIXMEDIC,11.49,1.2197452229299364,1.0977707006369428,,0,,,,
3055,ATORVASTATINA 40MG TAB X 30,ALESS,45.03,4.780254777070064,4.3022292993630575,,0,,,,
117,ATORVASTATINA 40MG X 10 TAB (BLISTER),JMW,19.69,2.0902335456475587,1.881210191082803,,0,,,,
2020,ATORVASTATINA 40MG X 20 TAB,GENCER,63.11,6.699575371549894,6.029617834394905,,0,,,,
418,ATORVASTATINA 40MG X30 COMPRIM,NOVA QUIMIVA,100.13,10.629511677282377,9.56656050955414,,0,,,,
411,ATORVASTATINA CALCICA 40MG X 30 COMPRIM,GERMED,72.16,7.660297239915074,6.894267515923567,,0,,,,
658,ATROBEL GOTAS FCO X 15 ML,RONAVA,29.26,3.1061571125265393,2.7955414012738853,,0,,,,
953,ATROVERAN 10MG X 10 TAB REC.,LABORATORIOS VARGAS,50.52,5.3630573248407645,4.826751592356688,,0,,,,
954,ATROVERAN 10MG/ML X 15ML SOL. GOTAS,LABORATORIOS VARGAS,44,4.670912951167728,4.203821656050955,,0,,,,
252,AZITRODEX 500MG X 3 TAB,PLUS ANDEX,16.49,1.7505307855626326,1.5754777070063695,,0,,,,
253,AZITRODEX 500MG X 5 TAB,PLUS ANDEX,26.23,2.784501061571125,2.506050955414013,,0,,,,
1059,AZITROMICINA (UNITRON) 500MG X 3 TAB,UNIPHARMA,18.37,1.9501061571125267,1.755095541401274,,0,,,,
3057,AZITROMICINA 200MG/5MLPOL SUSP 22.5ML,ALESS,24.3,2.5796178343949046,2.321656050955414,,0,,,,
533,AZITROMICINA 500MG BLISTER X 10 TAB,JMW,66.03,7.009554140127388,6.30859872611465,,0,,,,
768,AZITROMICINA 500MG CAJA X3TABLETAS,BALAXI,26.66,2.830148619957537,2.5471337579617837,,0,,,,
3059,AZITROMICINA 500MG TAB X5,ALESS,27.69,2.9394904458598727,2.6455414012738854,,0,,,,
600,AZITROMICINA 500MG X 3 COMP,TEUTO,28.17,2.9904458598726116,2.6914012738853503,,0,,,,
601,AZITROMICINA 500MG X 5 COMP,TEUTO,45.97,4.880042462845011,4.392038216560509,,0,,,,
769,AZITROMICINA 500MG X 6CAPSULAS,BLUE MEDICAL,44.09,4.680467091295117,4.212420382165606,,0,,,,
2021,AZITROMICINA MG X 5 TAB,GENCER,36.74,3.9002123142250533,3.510191082802548,,0,,,,
3038,AZITROMICINA TAB 500MG BLISTER X3,CAPLIN POINT,11.3,1.199575371549894,1.0796178343949046,,0,,,,
2234,AZTREONAM 1G (I.M/I.V) AMP,VITALIS,66.13,7.020169851380042,6.318152866242038,,0,,,,
727,AZUFRE (PAPELETA) 20 GR,LYA,13.66,1.4501061571125267,1.305095541401274,,0,,,,
271,AZUTAN 0.15% COLUTORIO 180ML,BIOTECH,27.08,2.8747346072186835,2.5872611464968154,,0,,,,
1080,BABY CREMA DERMOPROTECTORA 120GR,RHELEN,24.96,2.6496815286624207,2.3847133757961787,,0,,,,
1078,BABY CREMA HUMECTANTE 120ML,RHELEN,14.04,1.4904458598726114,1.3414012738853502,,0,,,,
869,BABY ZINC 30GR,LYA,20.91,2.2197452229299364,1.9977707006369427,,0,,,,
659,BACITRACINA UNG 15 G,RONAVA,22.08,2.343949044585987,2.1095541401273885,,0,,,,
2022,BACTEVAL X 24 CAPS,VALMORCA,59.16,6.280254777070064,5.652229299363057,,0,,,,
661,BACTRON FORTE STCH X 10 TAB,RONAVA,38.55,4.092356687898089,3.6831210191082806,,0,,,,
662,BACTRON SUSP. 100 ML,RONAVA,26.01,2.761146496815287,2.485031847133758,,0,,,,
660,BACTRON X 20 TAB,RONAVA,31.94,3.390658174097665,3.0515923566878986,,0,,,,
730,BALSAMO LABIAL (MANTECA DE CACAO) 4GR,LYA,15.35,1.629511677282378,1.46656050955414,,0,,,,
69,BATA DE CIRUJANO ESTéRIL,FVD,43.8,4.64968152866242,4.184713375796178,,0,,,,
1060,BATA PARA CIRUJANO (ESTERIL),CMV,36.74,3.9002123142250533,3.510191082802548,,0,,,,
2222,BEDENA (BROMEXI)4MG/5ML X120ML JBE PED,SM PHARMA,16.83,1.786624203821656,1.6079617834394904,,0,,,,
2105,BENCIDAMINA CLORH 0.15% SOL X 120ML,COFASA,31.22,3.314225053078556,2.9828025477707008,,0,,,,
505,BEPROSPEN 7 MG/ML SUSP INY KIT 1AMP 1ML,BIOTECH,57.14,6.065817409766455,5.459235668789809,,0,,,,
2199,BET.DIPRO+BET.FOSF.SOD 5MG+2MG/2ML IV/IM,CAPLIN POINT,13,1.3800424628450105,1.2420382165605095,,0,,,,
267,BETADERM 0.05% CREMA 15GR,BIOTECH,24.03,2.550955414012739,2.295859872611465,,0,,,,
379,BETADERM C/GENTAMICINA 0.1% CRM X15GR,BIOTECH,24.68,2.6199575371549892,2.3579617834394906,,0,,,,
268,BETAGEN 4MG/ML AMPOLLA,BIOTECH,22.73,2.412951167728238,2.171656050955414,,0,,,,
269,BETAGEN SOLSPEN AMPOLLA 1ML,BIOTECH,31.82,3.3779193205944797,3.0401273885350317,,0,,,,
917,BETAMETASONA 4MG/1ML I.M/I.V AMP.,BRIXMEDIC,3.77,0.4002123142250531,0.3601910828025478,,0,,,,
2153,BEUSAN CEBOLLA MORADA JBE 240ML,WILIFE,36.64,3.889596602972399,3.5006369426751593,,0,,,,
2140,BEUSAN EXPECTORANTE JBE 240 ML,WILIFE,36.64,3.889596602972399,3.5006369426751593,,0,,,,
244,BEXILON JARABE 4MG/5ML X 120 ML,PLUS ANDEX,15.71,1.6677282377919322,1.500955414012739,,0,,,,
731,BICARBONATO DE SODIO (PAPELETA) 20GR,LYA,14.7,1.5605095541401273,1.4044585987261147,,0,,,,
1115,BICARBONATO DE SODIO 5% SOL FV 100ML,BEHRENS,39.77,4.221868365180468,3.799681528662421,,0,,,,
2355,BIOKILLIODO(YODO SOLUCION) X 120ML,BIOKILL,19.12,2.029723991507431,1.826751592356688,,0,,,,
579,BISACODILO 5MG (BRISACOLAX) LAXANTE TAB,BRIXMEDIC,3.11,0.33014861995753714,0.29713375796178343,,0,,,,
847,BISACODILO 5MG BP BLIST X 10 TAB,JMW,3.86,0.4097664543524416,0.3687898089171974,,0,,,,
3066,BISOPROLOL +HIDROCL5MG/6.25MG TAB X 15,ALESS,30.14,3.199575371549894,2.8796178343949044,,0,,,,
490,BISOPROLOL 2.5MG BLISTER X 10 TABLETAS,BRIXMEDIC,3.77,0.4002123142250531,0.3601910828025478,,0,,,,
1032,BISOPROLOL 5MG BLIST X 10 TAB,JMW,5.28,0.5605095541401274,0.5044585987261146,,0,,,,
491,BISOPROLOL 5MG BLISTER X 10 TAB,BRIXMEDIC,4.43,0.47027600849256895,0.42324840764331206,,0,,,,
3061,BISOPROLOL FUMARATO 2.5MG TAB X 30,ALESS,37.21,3.9501061571125264,3.5550955414012737,,0,,,,
3060,BISOPROLOL FUMARATO 5MG TAB X 30,ALESS,47.67,5.060509554140127,4.554458598726114,,0,,,,
3062,BISOPROLOL+HIDROCL 2.5MG/ 6.25MG TAB X15,ALESS,24.12,2.5605095541401277,2.304458598726115,,0,,,,
1061,BISOPRUNI (BISOPROLOL) 5MG X 30TAB,UNIPHARMA,26.94,2.859872611464968,2.5738853503184713,,0,,,,
381,BLOCAX 16MG X 30 TABLETAS,BIOTECH,51.95,5.514861995753716,4.963375796178345,,0,,,,
273,BLOCAX 8MG 150TAB (15 BLISTER X 10 TAB),BIOTECH,157.35,16.703821656050955,15.03343949044586,,0,,,,
380,BLOCAX 8MG X 30 TABLETAS,BIOTECH,31.81,3.3768577494692145,3.039171974522293,,0,,,,
2297,BLOCAX PLUS 16MG -12.5MG X 30 TAB,BIOTECH,66.6,7.070063694267516,6.3630573248407645,,0,,,,
285,BRAL 500MG (25 BLISTER X 4 TAB),BIOTECH,162.34,17.233545647558387,15.510191082802548,,0,,,,
284,BRAL 500MG X 20 TAB,BIOTECH,32.47,3.44692144373673,3.1022292993630574,,0,,,,
2103,BREXIN 100MG/ML SOL.ORAL GOTAS X 15ML,COFASA,20.53,2.1794055201698517,1.9614649681528666,,0,,,,
3013,BREXIN 180MG/5ML FRASCO X 120ML,COFASA,16.06,1.7048832271762207,1.5343949044585987,,0,,,,
2097,BREXIN FORTE 650MG X 10 TAB,COFASA,11.2,1.1889596602972399,1.070063694267516,,0,,,,
357,BRODILIN 0.005MG/5ML JBE PED X120ML,ZUOZ PHARMA,42.29,4.489384288747346,4.040445859872611,,0,,,,
276,BROFLEMA 8MG/5ML JARABE X 120ML,BIOTECH,20.78,2.2059447983014864,1.9853503184713377,,0,,,,
3016,BROMEXINA CLORHIDRATO 4MG/5ML X100ML,COFASA,29.06,3.0849256900212314,2.7764331210191084,,0,,,,
107,BROMEXINA JBE PED 4MG/5ML X 120 ML,QUIMFAR,16.49,1.7505307855626326,1.5754777070063695,,0,,,,
2348,BROMHEXINA 4MG/5ML X 120ML JBE,INV/QUIMICA,17.14,1.8195329087048833,1.6375796178343949,,0,,,,
480,BROMURO DE IPATROPIO INH20MCG X 200DOSIS,KMPLUS,119.92,12.73036093418259,11.45732484076433,,0,,,,
3006,BRUCEN ADULCARE BODY LOTI 250ML,BRUPHARM,71.4,7.579617834394905,6.821656050955415,,0,,,,
3005,BRUCEN ANTIACNE GEL HIDRATPIEL GRA 120ML,BRUPHARM,51.72,5.490445859872612,4.941401273885351,,0,,,,
3000,BRUCEN CREMA NUTRI Y RESTA 80GR,BRUPHARM,63.21,6.710191082802548,6.039171974522294,,0,,,,
3009,BRUCEN HIDRO LOTION 250ML,BRUPHARM,71.4,7.579617834394905,6.821656050955415,,0,,,,
3010,BRUCEN HYDRO GEL HIDRA PIELES GRA 120ML,BRUPHARM,49.64,5.26963906581741,4.742675159235669,,0,,,,
3001,BRUCEN PANTALLA SOLAR CUERPO 100GR,BRUPHARM,71.78,7.619957537154989,6.857961783439491,,0,,,,
3004,BRUCEN SYN LOCI LIMP.FACI ANTIACNE 120ML,BRUPHARM,50.87,5.400212314225053,4.860191082802547,,0,,,,
3007,BRUCETIN CREM DERMOPROTEC 50GR,BRUPHARM,54.54,5.789808917197452,5.210828025477707,,0,,,,
3008,BRUCETIN PANT SOLAR PAR CUERPO 80GR,BRUPHARM,73.29,7.7802547770700645,7.002229299363059,,0,,,,
450,BURETA 100ML (SOLUCET),DC MEDICAL,11.02,1.1698513800424628,1.0528662420382167,,0,,,,
518,BUTILAMINA COMPUESTAX 20 TABLESTAS,PLUS ANDEX,27.01,2.867303609341826,2.5805732484076436,,0,,,,
7,BUTILBROMU D HIOSCINA10MG BLISTX10TAB,CAPLIN POINT,14.41,1.529723991507431,1.376751592356688,,0,,,,
3039,CALAMINA LOCION 100ML,CAPLIN POINT,17.71,1.8800424628450108,1.6920382165605097,,0,,,,
277,CALPAL D X 30 TAB,BIOTECH,58.44,6.203821656050955,5.58343949044586,,0,,,,
2023,CANDER 16 MG X 30 TAB,VALMORCA,80.16,8.509554140127388,7.65859872611465,,0,,,,
2024,CANDER 8MG X 30 TAB,VALMORCA,52.85,5.610403397027601,5.0493630573248405,,0,,,,
2026,CANDER-HCT 8 - 12.5MG X 30 TAB,VALMORCA,59.25,6.289808917197452,5.660828025477707,,0,,,,
2262,CANDESARTAN 16 MG BLIST X 10 TAB,JMW,15.92,1.6900212314225054,1.5210191082802549,,0,,,,
2263,CANDESARTAN 8MG BLIST X 10 TAB,JMW,11.02,1.1698513800424628,1.0528662420382167,,0,,,,
2286,CANDIGEN(CLOTRIMAZOL 1%) CREM 20GR,GALENTIC,12.72,1.3503184713375798,1.2152866242038218,,0,,,,
2283,CANDIGEN-BG(GEN+BETA+CLOTR) CREM 30GR,GALENTIC,25.34,2.6900212314225054,2.421019108280255,,0,,,,
2008,CANISON-BN 1%(CLO-BETA-NEO) CREMA 15G,AGIO,31.93,3.389596602972399,3.050636942675159,,0,,,,
451,CANULA NASAL OXIGENO ADULTO,DC MEDICAL,7.07,0.7505307855626328,0.6754777070063694,,0,,,,
1034,CAPTOPRIL 50MG BLIST X 10 TAB,JMW,7.54,0.8004246284501062,0.7203821656050956,,0,,,,
675,CARBAMAZEPINA 200MG X 10 TAB BLIST,UNICURE,4.99,0.529723991507431,0.4767515923566879,,0,,,,
2027,CARBAMAZEPINA 200MG X 20TAB,GENCER,28.26,3,2.7,,0,,,,
174,CARBAMAZEPINA 200MG X 30 TAB,BLUE MEDICAL,35.04,3.7197452229299364,3.347770700636943,,0,,,,
202,CARBAMAZEPINA200MG BLISTERX 10TAB,BALAXI,6.59,0.6995753715498938,0.6296178343949045,,0,,,,
286,CARBATIL 12.5MG (15 BLISTER X 10 TAB),BIOTECH,160.71,17.06050955414013,15.354458598726117,,0,,,,
422,CARBIDOL 25MG+250MGX 30 COMPRIM,TEUTO,56.24,5.9702760084925695,5.373248407643312,,0,,,,
278,CARBONATO DE LITIO 300MG X 20 CAP,BIOTECH,38.96,4.13588110403397,3.7222929936305733,,0,,,,
707,CARDBET 12.5MG X 30 COMP,NOVA QUIMIVA,18.93,2.0095541401273884,1.8085987261146497,,0,,,,
1150,CARDBET 6.25 MG X 30 COMP,NOVA QUIMIVA,22.51,2.389596602972399,2.1506369426751593,,0,,,,
358,CARDIPIRINA 80MG CAPSULAS X30,ZUOZ PHARMA,17.84,1.8938428874734607,1.7044585987261147,,0,,,,
603,CARVEDILOL (CARDBET) 25 MG X 30 COMP,NOVA QUIMIVA,30.14,3.199575371549894,2.8796178343949044,,0,,,,
899,CARVEDILOL 12.5MG BLIST X 10 TAB,INMENOL,8.95,0.9501061571125264,0.8550955414012739,,0,,,,
567,CARVEDILOL 12.5MG BLISTER X 10 TAB,CAPLIN POINT,10.93,1.1602972399150744,1.044267515923567,,0,,,,
3058,CARVEDILOL 12.5MG TABLETAS X 30,ALESS,47.19,5.009554140127388,4.508598726114649,,0,,,,
602,CARVEDILOL 12.5MG X 30 COMP,NOVA QUIMIVA,24.49,2.5997876857749467,2.339808917197452,,0,,,,
2001,CARVEDILOL 12.5MG X BLIST X 10 TAB,CLINIMED,8.1,0.8598726114649681,0.7738853503184713,,0,,,,
1199,CARVEDILOL 6.25MG BLIST X 10 TAB,INMENOL,7.44,0.7898089171974523,0.7108280254777071,,0,,,,
318,CARVEDILOL 6.25MG BLISTER X10TABLETAS,BIOMEDIC LAB,9.7,1.029723991507431,0.9267515923566879,,0,,,,
3068,CARVEDILOL 6.25MG TABL X 30,ALESS,36.83,3.9097664543524413,3.518789808917197,,0,,,,
2175,CARVEDILOL 6.25MG X 30 COMP,NOVA QUIMIVA,18.93,2.0095541401273884,1.8085987261146497,,0,,,,
413,CARVEDILOL 6.25MG X 30 COMPRIM,GERMED,15.83,1.6804670912951167,1.512420382165605,,0,,,,
2225,CARVEL 6.25MG BLIST X 10 COMP,SM PHARMA,8.97,0.9522292993630574,0.8570063694267517,,0,,,,
2158,CASCARA SAGRADA 430MG X 30 CAPS,HERBAPLANT,29.51,3.1326963906581744,2.8194267515923572,,0,,,,
2138,CASCARA SAGRADA 430MG X 60 CAPS,HERBAPLANT,45.79,4.860934182590234,4.374840764331211,,0,,,,
2204,CEFADROXILO 250MG/5ML X 60ML SUSP,SAGA,34.67,3.680467091295117,3.3124203821656053,,0,,,,
72,CEFALOTINA 1G,PHARMACEUTICAL,10.36,1.099787685774947,0.9898089171974522,,0,,,,
161,CEFEPIMA 1GR AMP (I.M/I.V),VITALIS,23.36,2.4798301486199574,2.2318471337579617,,0,,,,
2216,CEFIXIMA 100MG/5ML X 60ML SUSP,INV/QUIMICA,98.25,10.429936305732484,9.386942675159236,,0,,,,
573,CEFTRIAXONA 1G I.V/I.M +SOLUCION 10 ML,BUSHRA MEDICAL HEALT,10.17,1.0796178343949046,0.9716560509554141,,0,,,,
140,CEFTRIAXONA 1GR AMP,EL MORRO,5.93,0.6295116772823779,0.5665605095541402,,0,,,,
2083,CELAY 10MG X 10 TAB,COFASA,13.62,1.4458598726114649,1.3012738853503185,,0,,,,
2084,CELAY 10MG/5ML SOL ORAL X 15ML,COFASA,26,2.760084925690021,2.484076433121019,,0,,,,
2239,CELAY 5MG/5ML SOL ORAL X100 ML,COFASA,32,3.397027600849257,3.0573248407643314,,0,,,,
607,CELECOXIB 200MG BLISTER X 10 TAB,CAPLIN POINT,25.06,2.6602972399150744,2.394267515923567,,0,,,,
582,CETIRIZINA 10MG BLISTER X 10 TAB,BRIXMEDIC,3.77,0.4002123142250531,0.3601910828025478,,0,,,,
204,CETIRIZINA 10MG BLISTER X 10 TAB,BALAXI,6.41,0.6804670912951168,0.6124203821656051,,0,,,,
376,CETIRIZINA 10MG BLISTER X 10TAB,UNICURE,3.39,0.3598726114649682,0.3238853503184714,,0,,,,
98,CETIRIZINA 10MG BLISTER X10 TAB,BLUE MEDICAL,6.5,0.6900212314225053,0.6210191082802548,,0,,,,
2250,CETOCONAZOL CREMA 20MG X 30GR,PHARLAB,13.38,1.4203821656050957,1.278343949044586,,0,,,,
2226,CETRIZ 10MG (CETIRIZINA) X 20 COMP,SM PHARMA,13.46,1.4288747346072188,1.2859872611464969,,0,,,,
873,CHAMPU LIENDRECID 100ML,LYA,32.69,3.470276008492569,3.1232484076433122,,0,,,,
732,CICATRIMED CREMA 30GR,LYA,20.86,2.2144373673036095,1.9929936305732485,,0,,,,
1140,CIDOFOL (ACIDO FOLICO)BP 5MG/ML AMP 2ML,JMW,12.25,1.3004246284501062,1.1703821656050957,,0,,,,
1116,CIFARCAINA HIPERBARA 5% SOL AMP 2ML,BEHRENS,40.36,4.284501061571126,3.856050955414013,,0,,,,
524,CIMEGRIPE 4MG+400MG+4MGX 20 CAPSULAS,CIMED,25.72,2.73036093418259,2.4573248407643313,,0,,,,
1211,CINARIZINA 75MG BLISTER X 10 TAB,JMW,5.93,0.6295116772823779,0.5665605095541402,,0,,,,
2313,CIPROFLOXACINA 200MG/100ML (I.V) FCO,BIOMEDIC LAB,12.25,1.3004246284501062,1.1703821656050957,,0,,,,
645,CIPROFLOXACINA 500MG BLISTER X 10TAB,BIOMEDIC LAB,7.91,0.8397027600849257,0.7557324840764331,,0,,,,
2028,CIPROFLOXACINA 500MG X 12 TAB,GENCER,34.38,3.6496815286624207,3.2847133757961786,,0,,,,
6,CITICOLINA 500 MG X 10 TAB BLISTER,CAPLIN POINT,55.01,5.839702760084926,5.255732484076433,,0,,,,
995,CITICOLINA 500MG BLIST X 10 COMP,DROVNPLUS,41.64,4.420382165605096,3.978343949044586,,0,,,,
2264,CITICOLINA 500MG BLIST X 10 TAB,JMW,41.82,4.439490445859873,3.9955414012738855,,0,,,,
918,CITICOLINA 500MG/2ML AMP.,BRIXMEDIC,25.06,2.6602972399150744,2.394267515923567,,0,,,,
2317,CITICOLINA SODICA 125MG/1ML (I.M/I.V)AMP,BIOMEDIC LAB,7.91,0.8397027600849257,0.7557324840764331,,0,,,,
2228,CITRAPOL 500ML SOLUCION,SM PHARMA,39.93,4.238853503184713,3.814968152866242,,0,,,,
3027,CITRATO DE CALCIO CON VIT D 30TAB,PHARMATECH,73.35,7.786624203821655,7.00796178343949,,0,,,,
2188,CITRATO DE POTASIO 240ML,LYA,32.69,3.470276008492569,3.1232484076433122,,0,,,,
1125,CITRATO DE POTASIO 500ML,LYA,51.81,5.5,4.95,,0,,,,
1012,CLINDAMICINA 300MG BLIST X 10 TAB,CAPLIN POINT,37.96,4.029723991507431,3.626751592356688,,0,,,,
159,CLINDAMICINA 600MG/4ML (I.M/I.V) AMP,VITALIS,15.17,1.6104033970276008,1.4493630573248408,,0,,,,
1135,CLODOXIN 10MG X 20 COMP,PLUS ANDEX,12.08,1.2823779193205944,1.154140127388535,,0,,,,
387,CLODOXIN 5MG/5ML JBE X 120ML,PLUS ANDEX,20.13,2.1369426751592355,1.923248407643312,,0,,,,
265,CLODOXIN SOL GOTAS 1MG/1ML X 30ML,PLUS ANDEX,13.25,1.4065817409766455,1.265923566878981,,0,,,,
2067,CLONZEP 0.5 MG X 30 TAB,VALMORCA,33.25,3.529723991507431,3.176751592356688,,0,,,,
2068,CLONZEP 2 MG X 30 TAB,VALMORCA,56.14,5.959660297239915,5.363694267515924,,0,,,,
811,CLOP (METOCLOPRAMIDA) JBE X 120ML,QUIMFAR,18.18,1.929936305732484,1.7369426751592356,,0,,,,
1134,CLOPIDEX 75MG X 30 TAB,PLUS ANDEX,33.77,3.584925690021232,3.2264331210191086,,0,,,,
996,CLOPIDOGREL 75MG BLIST X 10 TAB,DROVNPLUS,9.51,1.0095541401273884,0.9085987261146496,,0,,,,
532,CLOPIDOGREL 75MG BLISTER X 10 TABLETAS,JMW,9.89,1.0498938428874736,0.9449044585987262,,0,,,,
3064,CLOPIDOGREL 75MG TABLETAS X 30,ALESS,50.11,5.3195329087048835,4.787579617834395,,0,,,,
2114,CLOPIDOGREL 75MG X 10 TAB,KMPLUS,11.3,1.199575371549894,1.0796178343949046,,0,,,,
493,CLOPIDROGEL 75MG BLISTER X 10 TABLETAS,BRIXMEDIC,9.99,1.0605095541401275,0.9544585987261147,,0,,,,
176,CLOPIDROGEL 75MG X 30 TAB,BLUE MEDICAL,48.42,5.140127388535032,4.626114649681529,,0,,,,
2098,CLORACE 125 - 0.5MG / 5ML X 120ML,COFASA,41.97,4.455414012738854,4.009872611464968,,0,,,,
2085,CLORACE 500MG - 4MG X 10 TAB,COFASA,30.16,3.201698513800425,2.8815286624203824,,0,,,,
2086,CLORACE 500MG - 4MG X 20 TAB,COFASA,50,5.307855626326964,4.777070063694268,,0,,,,
3024,CLORACE 80MG -0.5MG/ML SOLUC GOTAS,COFASA,37.05,3.93312101910828,3.539808917197452,,0,,,,
2101,CLORACI PLUS(VIT.C 1000MG+ZINC 10MG)30TB,COFASA,39.55,4.198513800424628,3.7786624203821653,,0,,,,
2294,CLORFENIRAMINA 10MG / 1ML (IM./I.V) AMP,BIOSANO,4.52,0.4798301486199575,0.43184713375796174,,0,,,,
1161,CLORURO DE MAGNESIO 16.7GR P/P 1/2L,LYA,29.58,3.140127388535032,2.8261146496815286,,0,,,,
874,CLORURO DE MAGNESIO 240ML,LYA,26.28,2.7898089171974525,2.510828025477707,,0,,,,
2305,CLORURO DE MAGNESIO 500ML,LYA,40.79,4.330148619957537,3.8971337579617837,,0,,,,
2347,CLOTRIDAZOL PLUS (GEN+CLO+BET) 30G CREMA,INMENOL,26.47,2.8099787685774946,2.5289808917197454,,0,,,,
1043,CLOTRIMAZOL 1% CREMA VAGINAL 40 GR 6APLI,FARMIONNI,29.36,3.116772823779193,2.8050955414012737,,0,,,,
3067,CLOTRIMAZOL 200MG OVULOS X 3,ALESS,19.03,2.0201698513800426,1.8181528662420383,,0,,,,
919,CLOTRIMAZOL 20MG/G (2%) C/APLIC 30GR VAG,BRIXMEDIC,12.34,1.3099787685774946,1.1789808917197453,,0,,,,
3069,CLOTRIMAZOL 500MG OVULOS X 1,ALESS,21.95,2.330148619957537,2.0971337579617835,,0,,,,
2000,CLOTRIMAZOL CREM VAG X 35 GR,INMENOL,34.01,3.610403397027601,3.2493630573248407,,0,,,,
183,CLOTRIMAZOL2% CREMA VAGINALX20GR X APLIC,BLUE MEDICAL,24.59,2.610403397027601,2.3493630573248407,,0,,,,
3017,COFADOR SOLUCION X 5ML OFTALMICA,COFASA,92.34,9.802547770700638,8.822292993630574,,0,,,,
3018,COFADOR-T SOLUCION OFTALMICA X 5ML,COFASA,83.81,8.897027600849258,8.007324840764332,,0,,,,
3012,COFASURE 80MG TAB ESTUCHE X 20,COFASA,25.6,2.717622080679406,2.4458598726114653,,0,,,,
3019,COFATODEX SUSP OFTALMICA X 5 ML,COFASA,33.45,3.5509554140127393,3.1958598726114653,,0,,,,
2160,COLA DE CABALLO 500MG X 30 CAPS,HERBAPLANT,23.42,2.48619957537155,2.237579617834395,,0,,,,
2142,COLA DE CABALLO 500MG X 60 CAPS,HERBAPLANT,35.64,3.78343949044586,3.405095541401274,,0,,,,
870,COLAGENO HIDROLIZADO 400MG X 30CAPS.,LYA,42.39,4.5,4.05,,0,,,,
3025,COLAGENO HIDROLIZADO CON VIT EYC 30 TAB,PHARMATECH,72.77,7.725053078556263,6.952547770700637,,0,,,,
663,COLAYTE STCH. X 4 TARROS,RONAVA,203.21,21.572186836518046,19.41496815286624,,0,,,,
367,COLCHICINA 500MCG BLISTER X10TAB,UNICURE,6.5,0.6900212314225053,0.6210191082802548,,0,,,,
281,COLGESIC 400MG-4MG X 15 COMP,BIOTECH,33.77,3.584925690021232,3.2264331210191086,,0,,,,
2146,COLONPLANT 400MG X 60 CAPS,HERBAPLANT,61.09,6.485138004246285,5.836624203821657,,0,,,,
778,COLPRIN 500MG X 20 TAB,RONAVA,15.79,1.6762208067940552,1.5085987261146496,,0,,,,
2029,COLVAL 4MG X 12 TAB,VALMORCA,45.73,4.854564755838641,4.369108280254777,,0,,,,
1195,COMPLEJO B (I.M/I.V) AMP 10ML,CAPLIN POINT,11.02,1.1698513800424628,1.0528662420382167,,0,,,,
74,COMPLEJO B (VITB1-B6-B12 3 ML I.M AMP,BIOSANO,8.38,0.8895966029723993,0.8006369426751594,,0,,,,
616,COMPLEJO B AMPOLLA I.V/I.M 2ML X 5 AMP,CLINIMED,21.95,2.330148619957537,2.0971337579617835,,0,,,,
405,COMPRES LAPAROT. ESTERIL PQTEX5,MARAX,49.46,5.250530785562633,4.72547770700637,,0,,,,
709,CONFIRA X 1 TEST DE EMBARAZO,SANFARMA,6.22,0.6602972399150743,0.5942675159235669,,0,,,,
3014,CORATAB 81MG ESTUCHE X 30 TAB,COFASA,17.53,1.8609341825902337,1.6748407643312104,,0,,,,
733,CREMA DE AZUFRE 30GR,LYA,19.59,2.0796178343949046,1.871656050955414,,0,,,,
734,CREMA DE AZUFRE 50GR,LYA,28.45,3.0201698513800426,2.7181528662420384,,0,,,,
1158,CREMA FACIAL ANTISEPTICA 30 GR,LYA,20.72,2.199575371549894,1.9796178343949045,,0,,,,
735,CREMA FRIA 50GR,LYA,29.96,3.180467091295117,2.862420382165605,,0,,,,
794,CREMA FRIA PIEL SECA 50 G,SOMA,29.86,3.169851380042463,2.8528662420382167,,0,,,,
875,CREMA PSORIASIMED 30GR,LYA,24.3,2.5796178343949046,2.321656050955414,,0,,,,
626,CUBREBOTAS PAR,UM DESCARTABLES C.A.,2.73,0.2898089171974522,0.260828025477707,,0,,,,
665,DECOBEL 0.5 MG X 30TAB,RONAVA,26.48,2.8110403397027603,2.5299363057324844,,0,,,,
664,DECOBEL 8 MG/2ML VIAL,RONAVA,19.74,2.095541401273885,1.8859872611464967,,0,,,,
1213,DEFLAZACORT 6MG BLISTER X 10 TAB,JMW,13.47,1.429936305732484,1.2869426751592357,,0,,,,
2288,DERM KETA( KETOCONONAZOL 2%) CREM 15GR,GALENTIC,10.36,1.099787685774947,0.9898089171974522,,0,,,,
2075,DESLORATADINA 5MG BLIST X 10 TAB,BRIXMEDIC,6.59,0.6995753715498938,0.6296178343949045,,0,,,,
2002,DESLORATADINA 5MG BLIST X 10 TAB,SAGA,8.57,0.9097664543524416,0.8187898089171974,,0,,,,
462,DEXAMETASONA 1MG X 10 TABLETAS,KMPLUS,6.97,0.7399150743099787,0.6659235668789809,,0,,,,
2315,DEXAMETASONA 4MG BLIST X 10 TAB,BIOMEDIC LAB,11.59,1.2303609341825903,1.1073248407643312,,0,,,,
421,DEXAMETASONA 4MG X 10 COMPRIMIDOS,TEUTO,17.52,1.8598726114649682,1.6738853503184714,,0,,,,
556,DEXAMETASONA 8 MG/2 ML AMP,VITALIS,3.86,0.4097664543524416,0.3687898089171974,,0,,,,
1015,DEXAMETASONA 8MG/2ML (I.M/I.V) AMP,CAPLIN POINT,2.17,0.23036093418259024,0.20732484076433122,,0,,,,
390,DEXAMETASONA 8MG/2ML AMP,BIOMEDIC LAB,1.98,0.21019108280254778,0.189171974522293,,0,,,,
534,DEXAMETASONA 8MG/2ML X AMP,UNILINK,3.58,0.38004246284501064,0.3420382165605096,,0,,,,
1133,DEXTAMIN 0.5MG/ML X 60ML SOL ORAL PED,PLUS ANDEX,15.97,1.6953290870488325,1.5257961783439493,,0,,,,
808,DEXTROMETORFANO SIMPLE120ML,MEDEK PHARMA,20.91,2.2197452229299364,1.9977707006369427,,0,,,,
2168,DIAD 1.5 MG (LEVONORGESTREL) X 1COMP,CIMED,6.12,0.6496815286624203,0.5847133757961783,,0,,,,
280,DIAGESIC 75MG /3ML X 2 AMP,BIOTECH,41.56,4.411889596602973,3.9707006369426754,,0,,,,
266,DICLODEX 50MG X 10 TAB,PLUS ANDEX,7.14,0.7579617834394904,0.6821656050955414,,0,,,,
254,DICLODEX 50MG X 20 TAB,PLUS ANDEX,12.6,1.3375796178343948,1.2038216560509554,,0,,,,
2252,DICLOFENAC GEL 11.6MG/G X 60G,CIMED,14.32,1.5201698513800426,1.3681528662420384,,0,,,,
2081,DICLOFENAC GEL 30 GR,BRIXMEDIC,15.54,1.6496815286624202,1.4847133757961783,,0,,,,
2201,DICLOFENAC GEL BP 1% X 20GR,CLINIMED,15.45,1.6401273885350318,1.4761146496815287,,0,,,,
2003,DICLOFENAC POT 100MG BLIST X 10 TAB,SAGA,7.35,0.7802547770700636,0.7022292993630573,,0,,,,
119,DICLOFENAC POT 50MG BLIST X 10 TAB,JMW,2.45,0.26008492569002123,0.2340764331210191,,0,,,,
23,DICLOFENAC POT 50MG X 10 TAB BLISTER,CAPLIN POINT,3.67,0.3895966029723991,0.3506369426751592,,0,,,,
393,DICLOFENAC POT 50MG X 30 TAB,BLUE MEDICAL,11.96,1.26963906581741,1.142675159235669,,0,,,,
610,DICLOFENAC POTASICO 100MG BLIST X 10 TAB,INMENOL,6.97,0.7399150743099787,0.6659235668789809,,0,,,,
765,DICLOFENAC POTASICO 50MG BLISTERX10 TAB,FAHD,2.73,0.2898089171974522,0.260828025477707,,0,,,,
464,DICLOFENAC POTASICO 50MG X 10 TABLETAS,KMPLUS,4.05,0.42993630573248404,0.38694267515923564,,0,,,,
647,DICLOFENAC SODICO 100MG X 10TAB,BRIXMEDIC,4.43,0.47027600849256895,0.42324840764331206,,0,,,,
535,DICLOFENAC SODICO 50MG BLISTER X 10 TAB,BALAXI,2.26,0.23991507430997874,0.21592356687898087,,0,,,,
494,DICLOFENAC SODICO 50MG BLISTER X 10TAB,BRIXMEDIC,3.49,0.3704883227176221,0.3334394904458599,,0,,,,
3070,DICLOFENAC SODICO 50MG SUPOSIT X 10,ALESS,25.43,2.699575371549894,2.4296178343949046,,0,,,,
583,DICLOFENAC SODICO 75MG/3ML I.M/I.V AMP,BRIXMEDIC,2.45,0.26008492569002123,0.2340764331210191,,0,,,,
282,DI-EUDRIN 12.5MG X 24 TAB,BIOTECH,24.68,2.6199575371549892,2.3579617834394906,,0,,,,
1141,DIGOXINA 0.25 MG BLIST X 10 TAB,JMW,30.8,3.26963906581741,2.942675159235669,,0,,,,
584,DIGOXINA 0.25MG BLISTER X 10 TA,BRIXMEDIC,4.14,0.43949044585987257,0.3955414012738853,,0,,,,
907,DIGOXINA 0.25MG X 20 COMPRIMIDOS,PHARLAB,11.02,1.1698513800424628,1.0528662420382167,,0,,,,
2267,DINITRATO DE ISORBIDA 10MG BLISTX10TAB,JMW,4.05,0.42993630573248404,0.38694267515923564,,0,,,,
2268,DIOSMINA 600MG BLIST X 10 TAB,JMW,33.82,3.5902335456475583,3.2312101910828024,,0,,,,
160,DIPIRONA 1G/2ML (I.M/I.V) AMP,VITALIS,2.17,0.23036093418259024,0.20732484076433122,,0,,,,
891,DIPROP DE BETAMETASONA 5MG/ML+2MG/ML AMP,NEOQUIMICA,25.72,2.73036093418259,2.4573248407643313,,0,,,,
2031,DIVAL (DICLOFE SOD) 75MG/3ML X 2 AMP,VALMORCA,22,2.335456475583864,2.1019108280254777,,0,,,,
2030,DIVAL (DICLOFENAC SOD) 50MG X 20 TAB,VALMORCA,11.9,1.2632696390658174,1.1369426751592357,,0,,,,
2032,DIVAL FORTE (DICLOF SOD)100MG X 20 TAB,VALMORCA,25.45,2.7016985138004244,2.431528662420382,,0,,,,
795,DOLMAX 50 G,SOMA,31.65,3.359872611464968,3.0238853503184715,,0,,,,
1215,DOMPERIDONA 10MG BLISTER X 10 TAB,JMW,5.56,0.5902335456475584,0.5312101910828025,,0,,,,
184,DOMPERIDONA 10MG BLISTER X 10TAB,FAHD,5.28,0.5605095541401274,0.5044585987261146,,0,,,,
135,DOXICICLINA 100MG BLISTER X 10TAB,BALAXI,13.47,1.429936305732484,1.2869426751592357,,0,,,,
2033,DUROVAL 100MG X 1 TAB,VALMORCA,12.81,1.3598726114649682,1.2238853503184715,,0,,,,
2034,DUROVAL 50MG X 1 TAB,VALMORCA,6.88,0.7303609341825902,0.6573248407643312,,0,,,,
2035,DUROVAL 50MG X 2 TAB,VALMORCA,12.25,1.3004246284501062,1.1703821656050957,,0,,,,
2036,DUROVAL 50MG X 3 TAB,VALMORCA,17.71,1.8800424628450108,1.6920382165605097,,0,,,,
640,DUVADILAN 10MG X 30 COMPRIMIDOS,ZUOZ PHARMA,98.83,10.491507430997876,9.442356687898089,,0,,,,
75,EFEDRINA SULFATO 6% 1ML (I.M/I.V/S) AMP,BIOSANO,22.61,2.400212314225053,2.1601910828025477,,0,,,,
2186,ENALAPRIL (RENOPRIL) 20MG X 30 TAB,BELFAR,11.02,1.1698513800424628,1.0528662420382167,,0,,,,
368,ENALAPRIL 10MG BLISTER X10 TAB,UNICURE,2.73,0.2898089171974522,0.260828025477707,,0,,,,
2177,ENALAPRIL 10MG X 30 COMP,ALTEFAR,6.12,0.6496815286624203,0.5847133757961783,,0,,,,
1400,ENALAPRIL 10MG X 30 TAB,PLUS ANDEX,10.39,1.1029723991507432,0.9926751592356688,,0,,,,
971,ENALAPRIL 20MG BLIST X 10 TAB,LAND,4.71,0.5,0.45,,0,,,,
536,ENALAPRIL 20MG BLISTER X 10 TAB,BALAXI,3.96,0.42038216560509556,0.378343949044586,,0,,,,
371,ENALAPRIL 20MG BLISTER X 10 TAB,UNICURE,4.14,0.43949044585987257,0.3955414012738853,,0,,,,
313,ENALAPRIL 20MG X 30TABLETAS,PLUS ANDEX,12.21,1.2961783439490446,1.1665605095541403,,0,,,,
1099,ENEMAX-A FRASCO 66ML,FAHD,33.63,3.570063694267516,3.2130573248407646,,0,,,,
239,ENLAPRIL 20MG X 30 TAB,CIMED,13.56,1.4394904458598727,1.2955414012738855,,0,,,,
776,ENOXAPARINA SODICA 40MG/0.4ML AMP,BIOMEDIC LAB,81.95,8.699575371549894,7.829617834394905,,0,,,,
2260,EPITRAL 100MG X 30 TAB,VALMORCA,46.16,4.900212314225053,4.410191082802548,,0,,,,
2037,EPITRAL 50MG X 30 TAB,VALMORCA,29.96,3.180467091295117,2.862420382165605,,0,,,,
2076,ERBRIX-50 (SILDENAFIL) 50MG X 8 TAB,BRIXMEDIC,11.78,1.2505307855626326,1.1254777070063695,,0,,,,
703,ERILON 0.05% CREMA TUBO 15G,BIOTECH,26.55,2.8184713375796178,2.536624203821656,,0,,,,
1100,ESOMEPRAZOL 40MG BLIST X 10 TAB,FAHD,6.59,0.6995753715498938,0.6296178343949045,,0,,,,
585,ESOMEPRAZOL 40MG BLISTER X 10 TAB,BRIXMEDIC,6.59,0.6995753715498938,0.6296178343949045,,0,,,,
120,ESOMEPRAZOL 40MG X 10 TAB (BLISTER),BALAXI,6.78,0.7197452229299364,0.6477707006369428,,0,,,,
2269,ESPIRINOLACTONA 25MG BLIST X 10 TAB,JMW,17.14,1.8195329087048833,1.6375796178343949,,0,,,,
1216,ESPIRONOLACTONA 100MG BLISTX 10 TAB,JMW,24.49,2.5997876857749467,2.339808917197452,,0,,,,
3034,ESPIRONOLACTONA 25MG X 10 TAB BLISTER,UNICURE,6.88,0.7303609341825902,0.6573248407643312,,0,,,,
2039,ESQUIDONE 2MG X 30 TAB,VALMORCA,54.54,5.789808917197452,5.210828025477707,,0,,,,
2040,ESQUIDONE 3MG X 30 TAB,VALMORCA,66.6,7.070063694267516,6.3630573248407645,,0,,,,
404,ESTERILIZADOR AL FRIO GALON ZERO BAC,ZERO,151.85,16.11995753715499,14.50796178343949,,0,,,,
1090,ETORICOXIB 60MG BLIST X 10 TAB,UNICURE,21.1,2.239915074309979,2.015923566878981,,0,,,,
1091,ETORICOXIB 90MG BLIST X 10 TAB,UNICURE,31.56,3.3503184713375793,3.0152866242038217,,0,,,,
1068,ETOROCZIA 60MG BLIST X 10 TAB REC,ZUOZ PHARMA,31.57,3.351380042462845,3.0162420382165607,,0,,,,
2089,EUSILEN 4MG X 15 COMP,COFASA,23,2.4416135881104033,2.1974522292993632,,0,,,,
2087,EUSILEN 4MG X 8 COMP,COFASA,13.38,1.4203821656050957,1.278343949044586,,0,,,,
2088,EUSILEN 4MG/2ML KIT X 1AMP,COFASA,20.5,2.1762208067940554,1.9585987261146498,,0,,,,
2104,EUSILEN DUAL X 10 TAB,COFASA,33,3.5031847133757963,3.1528662420382165,,0,,,,
900,FAMOTIDINA 40MG BLIST X 10 TAB,CAPLIN POINT,8.95,0.9501061571125264,0.8550955414012739,,0,,,,
287,FANASAL GOTAS ADULT 15ML,QUIMFAR,12.81,1.3598726114649682,1.2238853503184715,,0,,,,
106,FANASAL GOTAS PED X 15ML,QUIMFAR,12.34,1.3099787685774946,1.1789808917197453,,0,,,,
290,FEM DUCHA VAGINAL FRASCO 135ML C/CANULA,BIOTECH,25.32,2.6878980891719744,2.419108280254777,,0,,,,
340,FEMIZOL 750MG-200MG OVULOS X7,LABORATORIOS VARGAS,100.9,10.711252653927813,9.640127388535031,,0,,,,
2004,FINALGRIP (PARACE+CETI+FENILE)BLISTX10TB,SAGA,9.23,0.9798301486199575,0.8818471337579618,,0,,,,
1088,FINASTERIDA 5MG BLIST X 10 TAB,UNICURE,14.22,1.5095541401273886,1.3585987261146497,,0,,,,
466,FINASTERIDA 5MG X 10 TABLETAS,KMPLUS,21.29,2.260084925690021,2.034076433121019,,0,,,,
820,FITOMENADIONA 10MG / 1ML (I.M/SUBC) AMP,BIOSANO,4.99,0.529723991507431,0.4767515923566879,,0,,,,
8,FLAVOXATO 200MG X 10 TAB BLISTER,CAPLIN POINT,13.75,1.459660297239915,1.3136942675159236,,0,,,,
510,FLENOX 15MG/5ML SOL PEDIATRICO FCO120ML,BIOTECH,23.38,2.4819532908704884,2.2337579617834398,,0,,,,
511,FLENOX 30MG/5ML SOL ADULTOS FCO 120ML,BIOTECH,35.42,3.7600849256900215,3.3840764331210194,,0,,,,
334,FLEX ENEMA 130ML,AIRELA,36.93,3.9203821656050954,3.528343949044586,,0,,,,
382,FLEXURAT 500MG-400MG X 30 TABLETAS,NATURISSIMA,85.06,9.029723991507431,8.126751592356689,,0,,,,
781,FLOGAREN 50 MG X 20 TAB,RONAVA,17.65,1.8736730360934182,1.6863057324840764,,0,,,,
876,FLOR DE JAMAICA 10GR PAPELETA,LYA,13,1.3800424628450105,1.2420382165605095,,0,,,,
243,FLORASTOR X 12 CAP,UNIOAO QUIMICA,65,6.900212314225053,6.210191082802548,,0,,,,
3031,FLORINA-L ANTICON X 21 TAB,UNICURE,9.42,1,0.9,,0,,,,
1011,FLUCONAZOL 150MG X 1 TAB,CLINIMED,3.39,0.3598726114649682,0.3238853503184714,,0,,,,
2041,FLUCONAZOL 150MG X 2 CAPS,GENCER,16.01,1.699575371549894,1.5296178343949047,,0,,,,
1104,FLUCONAZOL 150MG X 2 CAPS,BRIXMEDIC,7.91,0.8397027600849257,0.7557324840764331,,0,,,,
2185,FLUCONAZOL 150MG X 2 CAPS,VITAMEDIC,7.91,0.8397027600849257,0.7557324840764331,,0,,,,
526,FLUCONAZOL 150MG X 2CAPSULAS,GLOBO,3.11,0.33014861995753714,0.29713375796178343,,0,,,,
468,FLUCONAZOL SOL/INY 200MG/100ML,KMPLUS,15.92,1.6900212314225054,1.5210191082802549,,0,,,,
121,FLUNARIZINA 10MG X 10 TAB (BLISTER),JMW,14.51,1.540339702760085,1.3863057324840764,,0,,,,
2270,FLUOXETINA 20MG BLIST X 10 TAB,JMW,2.83,0.30042462845010615,0.27038216560509554,,0,,,,
3035,FLUOXETINA 20MG X 10 TAB BLISTER,UNICURE,2.92,0.3099787685774947,0.2789808917197452,,0,,,,
701,FLUOXETINA 20MG X 14 CAPS,BIOTECH,19.48,2.067940552016985,1.8611464968152867,,0,,,,
783,FOLAC 10 MG X 20 TAB,RONAVA,15.79,1.6762208067940552,1.5085987261146496,,0,,,,
782,FOLAC 5 MG X 20 TAB,RONAVA,12.31,1.3067940552016986,1.1761146496815287,,0,,,,
666,FOLIFER B-12 X 30 TAB,RONAVA,34.83,3.697452229299363,3.3277070063694265,,0,,,,
341,FOSFOLIT 21.6G-8.1G/45ML SOL ORALX45ML,LABORATORIOS VARGAS,103.23,10.95859872611465,9.862738853503185,,0,,,,
2212,FUROSEMIDA 20MG/2ML (I.M/I.V) AMP,BALAXI,1.88,0.19957537154989383,0.17961783439490445,,0,,,,
586,FUROSEMIDA 40MG BLISTER X 10TAB,BRIXMEDIC,2.64,0.2802547770700637,0.2522292993630573,,0,,,,
803,FUROSEMIDA 40MG X 10 TAB,BERYL,3.39,0.3598726114649682,0.3238853503184714,,0,,,,
938,FUROSEMIDA 40MG X 10 TAB,KMPLUS,3.01,0.3195329087048832,0.2875796178343949,,0,,,,
384,FUROSEMIDA 40MG X 12 TABLETAS,PLUS ANDEX,6.49,0.68895966029724,0.620063694267516,,0,,,,
2254,FUROSEMIDA 40MG X 20 COMP,TEUTO,8.57,0.9097664543524416,0.8187898089171974,,0,,,,
540,GABAPENTINA 300MG BLISTER X 10 TAB,JMW,21.2,2.2505307855626326,2.0254777070063694,,0,,,,
320,GABAPENTINA 300MG BLISTER X10TAB,BIOMEDIC LAB,18.84,2,1.8,,0,,,,
2117,GABAPENTINA 300MG X 10 TAB,KMPLUS,15.73,1.6698513800424628,1.5028662420382166,,0,,,,
933,GABOX 200MG X 20 TAB,RONAVA,36.29,3.8524416135881103,3.4671974522292994,,0,,,,
2150,GARCINIA CAMBOGIA 500MG X 30 CAPS,HERBAPLANT,32.57,3.4575371549893843,3.111783439490446,,0,,,,
2154,GARCINIA CAMBOGIA 500MG X 60 CAPS,HERBAPLANT,50.94,5.407643312101911,4.86687898089172,,0,,,,
407,GEL ANTIBACTERIAL 240ML,ZERO,34.29,3.640127388535032,3.2761146496815288,,0,,,,
408,GEL ANTIBACTERIAL 500ML,ZERO,42.01,4.459660297239915,4.013694267515923,,0,,,,
406,GEL ANTIBACTERIAL ZERO GEL GALON,ZERO,288.44,30.61995753715499,27.55796178343949,,0,,,,
2291,GEL COOL ICE AZUL 250CC,RHELEN,41.17,4.370488322717622,3.9334394904458603,,0,,,,
1085,GEL COOL ICE VERDE 250CC,RHELEN,39.38,4.180467091295117,3.762420382165606,,0,,,,
3041,GENTA+BETA+CLOTRI LATA DE 15GR,CAPLIN POINT,19.97,2.1199575371549892,1.9079617834394904,,0,,,,
587,GENTAMICINA 0.1% CREMA 20GR,BRIXMEDIC,11.02,1.1698513800424628,1.0528662420382167,,0,,,,
87,GENTAMICINA 160MG/2ML (I.M/I.V) AMP,VITALIS,6.5,0.6900212314225053,0.6210191082802548,,0,,,,
86,GENTAMICINA 80MG/2ML (I.M/I.V) AMP,BIOSANO,4.62,0.49044585987261147,0.44140127388535033,,0,,,,
291,GINACOL 0.1% SOL USO VAGINAL FCO 135ML,BIOTECH,24.68,2.6199575371549892,2.3579617834394906,,0,,,,
416,GINO-COLON 45 GR X 7 APLICADORES,GEOLAB,47.1,5,4.5,,0,,,,
1018,GINO-MIZONOL(NITRATO D MICONAZ) 20MG/G,GEOLAB,59.25,6.289808917197452,5.660828025477707,,0,,,,
2077,GLIBENCLAMIDA 5MG BLIST X 10 TAB,BRIXMEDIC,2.54,0.26963906581740976,0.2426751592356688,,0,,,,
2120,GLIBENCLAMIDA 5MG X 10 TAB,KMPLUS,3.49,0.3704883227176221,0.3334394904458599,,0,,,,
122,GLIBENCLAMIDA 5MG X 10 TAB (BLISTER),UNILINK,3.49,0.3704883227176221,0.3334394904458599,,0,,,,
2255,GLIBENCLAMIDA 5MG X 30 COMP,CIMED,8.29,0.8800424628450105,0.7920382165605095,,0,,,,
343,GLICERINA 1.68G SUPOSITORIO PEDIATRIC X6,GENERICO DE CALIDAD,39.95,4.240976645435245,3.8168789808917203,,0,,,,
344,GLICERINA 2.88G SUPOSITORIOS X 6,GENERICO DE CALIDAD,54,5.732484076433121,5.159235668789809,,0,,,,
877,GLICERINA 30ML,LYA,13,1.3800424628450105,1.2420382165605095,,0,,,,
2005,GLIMEPIRIDA 2MG BLIST X 10 TAB,SAGA,5.18,0.5498938428874734,0.4949044585987261,,0,,,,
495,GLIMEPIRIDA 2MG BLISTER X 10 TABLETAS,BRIXMEDIC,4.62,0.49044585987261147,0.44140127388535033,,0,,,,
2006,GLIMEPIRIDA 4MG BLIST X 10 TAB,SAGA,8.76,0.9299363057324841,0.8369426751592357,,0,,,,
496,GLIMEPIRIDA 4MG BLISTER X 10 TABLETAS,BRIXMEDIC,9.89,1.0498938428874736,0.9449044585987262,,0,,,,
972,GLIMEPIRIDE 2MG BLIST X 10 TAB,LAND,4.9,0.5201698513800425,0.4681528662420382,,0,,,,
2009,GLUCOFRED 80MG X 10 TAB,FREDUN PHARMCEU,21.38,2.2696390658174095,2.0426751592356687,,0,,,,
1121,GLUCONATO DE CALCIO 10% SOL FR 100 ML,BEHRENS,36.08,3.830148619957537,3.4471337579617836,,0,,,,
934,GLUCOZIM 500MG X 20 COMP.,RONAVA,31.87,3.383227176220807,3.0449044585987264,,0,,,,
51,GORRO DE CIRUJANO DESC,UM DESCARTABLES C.A.,1.6,0.16985138004246286,0.15286624203821658,,0,,,,
52,GORRO DE CIRUJANO FUCSIA,UM DESCARTABLES C.A.,1.79,0.19002123142250532,0.1710191082802548,,0,,,,
50,GORRO DE ENFERMERA BLANCO,UM DESCARTABLES C.A.,1.13,0.11995753715498937,0.10796178343949044,,0,,,,
788,GOTAS DE VALERIANA 15 ML,SOMA,16.2,1.7197452229299361,1.5477707006369426,,0,,,,
792,GOTAS DE VALERIANA 30 ML,SOMA,20.06,2.1295116772823777,1.91656050955414,,0,,,,
527,GRIPALCE 400MG+4MG+4MG X 20 CAPSULAS,BRASTERAPICA,24.68,2.6199575371549892,2.3579617834394906,,0,,,,
1019,GRIPALCE DISP 20 BLIST X 10 CAP,BRASTERAPICA,238.61,25.330148619957537,22.797133757961785,,0,,,,
441,GUANTES DE EXAMEN TALLA L,MC MEDICAL,160.14,17,15.3,,0,,,,
55,GUANTES DE EXAMEN TALLA L CAJA X100,MCD,265.74,28.21019108280255,25.389171974522295,,0,,,,
442,GUANTES DE EXAMEN TALLA M,MC MEDICAL,160.14,17,15.3,,0,,,,
54,GUANTES DE EXAMEN TALLA M CAJA X100,MCD,265.74,28.21019108280255,25.389171974522295,,0,,,,
443,GUANTES DE EXAMEN TALLA S,MC MEDICAL,160.14,17,15.3,,0,,,,
53,GUANTES DE EXAMEN TALLA S CAJA X 100,MCD,265.74,28.21019108280255,25.389171974522295,,0,,,,
438,GUANTES DE NITRILO TALLA L,SIPA,202.53,21.5,19.35,,0,,,,
439,GUANTES DE NITRILO TALLA M,SIPA,202.53,21.5,19.35,,0,,,,
440,GUANTES DE NITRILO TALLA S,SIPA,202.53,21.5,19.35,,0,,,,
2144,GYNKOLA 500MG X 60 CAPS,HERBAPLANT,61.09,6.485138004246285,5.836624203821657,,0,,,,
345,GYNOVIT DUCHA VAGINAL X130ML,LABORATORIOS VARGAS,32.53,3.4532908704883227,3.1079617834394906,,0,,,,
821,HALOPERIDOL 5MG/1ML (I.M/I.V) AMP,BIOSANO,11.78,1.2505307855626326,1.1254777070063695,,0,,,,
´209,HALOPERIDOL BP 5MG BLIST X 10 TAB,JMW,4.52,0.4798301486199575,0.43184713375796174,,0,,,,
736,HEMORROIMED CREMA 30GR,LYA,42.3,4.490445859872612,4.04140127388535,,0,,,,
347,HENOVIC SOLUCION ORAL GOTAL X30ML,LABORATORIOS VARGAS,51,5.414012738853503,4.872611464968153,,0,,,,
1102,HIDROCLOROTIAZIDA 12.5MG BLIST X 10TAB,FAHD,3.3,0.3503184713375796,0.31528662420382164,,0,,,,
814,HIDROCLOROTIAZIDA 25MG BLISTER X 10 TAB,LAPROFF,2.54,0.26963906581740976,0.2426751592356688,,0,,,,
89,HIDROCORTISONA 100MG (I.M/I.V) AMP,VITALIS,10.74,1.1401273885350318,1.0261146496815288,,0,,,,
2275,HIDROXIDO DE ALUMINIO 6% X 100ML,AIRELA,20.35,2.1602972399150744,1.944267515923567,,0,,,,
88,HIERRO SACAROSA 100MG/5ML (I.V) AMP,VITALIS,24.4,2.5902335456475583,2.3312101910828025,,0,,,,
2042,HISTALER 0.5MG/ML X 60ML JBE PED,VALMORCA,26.09,2.76963906581741,2.492675159235669,,0,,,,
2043,HISTALER 5MG X 30 TAB,VALMORCA,37.51,3.981953290870488,3.5837579617834394,,0,,,,
878,HOJAS DE SEN 5GR PAPELETA,LYA,13.75,1.459660297239915,1.3136942675159236,,0,,,,
3083,IBECAR 150MG X 30 TABLETAS,VALMORCA,94.2,10,9,,0,,,,
1063,IBOTUNI (IBUPRO+TIOCOL) 600/4MG X 10TAB,UNIPHARMA,23.83,2.529723991507431,2.276751592356688,,0,,,,
2044,IBUCOLVAL 400MG-4MG X 20 TAB,VALMORCA,69.14,7.339702760084926,6.605732484076433,,0,,,,
2045,IBUCOLVAL 600-4MG X 20 TAB,VALMORCA,84.4,8.959660297239916,8.063694267515924,,0,,,,
668,IBUFENAC 400MG X 20 CAPS,RONAVA,58.06,6.163481953290871,5.5471337579617845,,0,,,,
2340,IBUN (IBUPROFENO) 400MG X 10 TAB,COFASA,11.71,1.243099787685775,1.1187898089171975,,0,,,,
2339,IBUN (IBUPROFENO) 600MG X 10 TAB,COFASA,19.79,2.1008492569002124,1.8907643312101912,,0,,,,
2280,IBUPROFENO 400MG BLIST X 10 TAB,SAGA,4.14,0.43949044585987257,0.3955414012738853,,0,,,,
1103,IBUPROFENO 400MG BLIST X 10 TAB,FAHD,6.88,0.7303609341825902,0.6573248407643312,,0,,,,
103,IBUPROFENO 400MG X 20 TAB,QUIMFAR,13,1.3800424628450105,1.2420382165605095,,0,,,,
2195,IBUPROFENO 600MG BLIST X 10 TAB,SAGA,6.59,0.6995753715498938,0.6296178343949045,,0,,,,
374,IBUPROFENO 600MG BLISTER X 10 TAB,UNICURE,10.08,1.070063694267516,0.9630573248407643,,0,,,,
498,IBUPROFENO 600MG BLISTER X 10 TABLETAS,BRIXMEDIC,7.35,0.7802547770700636,0.7022292993630573,,0,,,,
499,IBUPROFENO 800MG BLISTER X 10 TABLETAS,BRIXMEDIC,10.93,1.1602972399150744,1.044267515923567,,0,,,,
667,IBUTIL 400MG/4 X 20 TAB,RONAVA,88.55,9.400212314225053,8.460191082802547,,0,,,,
2207,INNOBROX(CLARITROMI)250MG/5ML X60ML SUSP,IN/QUIMICA,66.03,7.009554140127388,6.30859872611465,,0,,,,
2090,IPALAT 1% CREMA 20G,COFASA,49,5.201698513800425,4.681528662420383,,0,,,,
2091,IPALAT 10MG/ML X 20ML SOL.,COFASA,38,4.033970276008493,3.6305732484076434,,0,,,,
832,IRBESARTAN 150MG BLIST X 10 TAB,JMW,18.27,1.9394904458598725,1.7455414012738852,,0,,,,
321,IRBESARTAN 150MG BLISTER X10 TABLETAS,BIOMEDIC LAB,20.72,2.199575371549894,1.9796178343949045,,0,,,,
1218,IRBESARTAN 300MG BLIST X 10 TAB,JMW,17.33,1.8397027600849256,1.6557324840764331,,0,,,,
2197,IRBESARTAN 300MG X 10 TAB,UNICURE,28.64,3.040339702760085,2.7363057324840767,,0,,,,
292,ISOSPRAY PLUS 0.15%.-25% SOLUCION FRASCO,BIOTECH,31.82,3.3779193205944797,3.0401273885350317,,0,,,,
295,IVAGAN FORTE 25BLISTER X4 TABLETAS,BIOTECH,162.34,17.233545647558387,15.510191082802548,,0,,,,
294,IVAGAN FORTE TAB RECUBIERTAS EST 10 TABL,BIOTECH,18.18,1.929936305732484,1.7369426751592356,,0,,,,
293,IVAGAN TAB RECUBERTAS EST 10TAB,BIOTECH,16.88,1.7919320594479828,1.6127388535031846,,0,,,,
2046,IVERMECTINA 6MG X 4 TAB,GENCER,14.22,1.5095541401273886,1.3585987261146497,,0,,,,
1157,IVERMED CREMA (IVERMECTINA 0.4%) 60GR,LYA,39.66,4.210191082802547,3.7891719745222923,,0,,,,
2126,IVERMED LOCION(IVERMECTINA 0.4%)100ML,LYA,43.61,4.629511677282378,4.16656050955414,,0,,,,
755,JABON LIQ. PARA MANOS- FRUTAS VERDES,FRAGANTE,11.59,1.2303609341825903,1.1073248407643312,,0,,,,
756,JABON LIQ. PARA MANOS- KIWI,FRAGANTE,11.59,1.2303609341825903,1.1073248407643312,,0,,,,
759,JABON LIQ. PARA MANOS OCEANO,FRAGANTE,11.59,1.2303609341825903,1.1073248407643312,,0,,,,
752,JABON LIQ. PARA MANOS PRIMAVERA SPRING,FRAGANTE,11.59,1.2303609341825903,1.1073248407643312,,0,,,,
757,JABON LIQ. PARA MANOS-FRUTAS EXOTICAS,FRAGANTE,11.59,1.2303609341825903,1.1073248407643312,,0,,,,
753,JABON LIQ. PARA MANOS-GRANADA,FRAGANTE,11.59,1.2303609341825903,1.1073248407643312,,0,,,,
758,JABON LIQ. PARA MANOS-TROPICAL CITRICOS,FRAGANTE,11.59,1.2303609341825903,1.1073248407643312,,0,,,,
789,JARABE FRAILEJON 120 ML,SOMA,27.13,2.8800424628450108,2.5920382165605096,,0,,,,
790,JARABE LAMEDOR 120 ML,SOMA,26.75,2.8397027600849256,2.555732484076433,,0,,,,
791,JARABE SABILA 120 ML,SOMA,29.58,3.140127388535032,2.8261146496815286,,0,,,,
60,JELCO N°18,SMITHS MEDICAL,6.97,0.7399150743099787,0.6659235668789809,,0,,,,
61,JELCO N°20,SMITHS MEDICAL,7.72,0.8195329087048832,0.7375796178343949,,0,,,,
62,JELCO N°24,SMITHS MEDICAL,7.72,0.8195329087048832,0.7375796178343949,,0,,,,
447,JERINGA 3 CC21 1/2 UNIDAD,DC MEDICAL,0.66,0.07006369426751592,0.06305732484076433,,0,,,,
2099,KATIVIL 1G/10ML SOL ORAL X 120ML S/AZUC,COFASA,50,5.307855626326964,4.777070063694268,,0,,,,
2102,KATIVIL 1G/10ML SOL ORAL X 90ML S/AZUCAR,COFASA,38,4.033970276008493,3.6305732484076434,,0,,,,
1067,KENTUNI(TRIAMCINOLONA)10MG/MLX5ML I.M/IA,UNIPHARMA,97.87,10.3895966029724,9.35063694267516,,0,,,,
348,KETAZOL 2% CHAMPU X60ML,LABORATORIOS VARGAS,106.39,11.294055201698514,10.164649681528664,,0,,,,
1013,KETOCONAZOL 400MG X 5 OVULOS VAG.,CAPLIN POINT,39.19,4.160297239915074,3.744267515923567,,0,,,,
311,KETOCONAZOL CR TOPICA 2% X30GR,BALAXI,21.2,2.2505307855626326,2.0254777070063694,,0,,,,
2307,KETOCONAZOL CREMA 2% W/W 15GR,BRIXMEDIC,23.08,2.4501061571125264,2.205095541401274,,0,,,,
2230,KETOLAC 20MG BLIST X 10 COMP,SM PHARMA,19.07,2.024416135881104,1.8219745222929937,,0,,,,
2343,KETOPROFENO 100MG BLIST X 10 TAB,SAGA,11.4,1.2101910828025477,1.089171974522293,,0,,,,
1220,KETOPROFENO 100MG BP BLISTER X 10 TAB,JMW,24.59,2.610403397027601,2.3493630573248407,,0,,,,
2106,KETOPROFENO 100MG X 10 TAB,COFASA,28,2.9723991507431,2.67515923566879,,0,,,,
385,KETOPROFENO 100MG X 10 TABLETAS,PLUS ANDEX,14.03,1.489384288747346,1.3404458598726114,,0,,,,
386,KETOPROFENO 100MG X 20 TABLETAS,PLUS ANDEX,21.82,2.316348195329087,2.0847133757961784,,0,,,,
2318,KETOPROFENO POLV/INY 100MG (I.M/I.V),BIOMEDIC LAB,15.83,1.6804670912951167,1.512420382165605,,0,,,,
77,KETOROLACO 30MG (IV/IM) AMP,BIOSANO,10.27,1.0902335456475583,0.9812101910828025,,0,,,,
76,KETROPROFENO 100MG/2ML (I.M/I.V) AMP,BIOSANO,11.12,1.1804670912951167,1.062420382165605,,0,,,,
2356,KIT 9-VIT MULTIVITAMINICO (I.V),DROVNPLUS,67.35,7.14968152866242,6.434713375796178,,0,,,,
2353,KIT DE LAPARATOMIA ESTERIL II 40GR,CMV,134.61,14.289808917197453,12.860828025477709,,0,,,,
2191,KOREOFIN(LEVO 0.15MG+ETINI 0.03MG)X28TAB,CAPLIN POINT,24.12,2.5605095541401277,2.304458598726115,,0,,,,
2107,LAGRICOF SOL X 15 ML,COFASA,47.45,5.037154989384289,4.53343949044586,,0,,,,
974,LANDGRA(SILDENAFI)100MG G/ ORAL BNANA,LAND,7.35,0.7802547770700636,0.7022292993630573,,0,,,,
977,LANDGRA(SILDENAFI)100MG G/ORAL MANGO,LAND,7.35,0.7802547770700636,0.7022292993630573,,0,,,,
2072,LANOLZINC X 60 G POMADA,VALMORCA,31.18,3.3099787685774946,2.978980891719745,,0,,,,
2272,LANZOPRAZOL 30MG BLIST X 10 TAB,JMW,10.74,1.1401273885350318,1.0261146496815288,,0,,,,
2276,LECHE MAGNESIA 100ML,BELFAR,14.6,1.5498938428874733,1.394904458598726,,0,,,,
871,LEVADURA DE CERVEZA 400MG X 30CAPS.,LYA,31.37,3.330148619957537,2.9971337579617834,,0,,,,
2246,LEVOFLOXACINA 500MG BLIST X 10 TAB,DROVNPLUS,17.05,1.8099787685774948,1.6289808917197455,,0,,,,
427,LEVOFLOXACINA 500MG BLIST X 10 TAB,UNILINK,22.33,2.370488322717622,2.1334394904458596,,0,,,,
500,LEVOFLOXACINA 500MG BLISTER X 10 TABL,BRIXMEDIC,20.35,2.1602972399150744,1.944267515923567,,0,,,,
728,LEVOFLOXACINA 500MG/100ML INFUSION I.V,ALFA,28.26,3,2.7,,0,,,,
2247,LEVOFLOXACINA 750MG BLIST X 10 TAB,DROVNPLUS,23.08,2.4501061571125264,2.205095541401274,,0,,,,
211,LEVOFLOXACINA 750MG BLIST X 10 TAB,BALAXI,28.26,3,2.7,,0,,,,
501,LEVOFLOXACINA 750MG BLISTER X 10 TABLET,BRIXMEDIC,28.17,2.9904458598726116,2.6914012738853503,,0,,,,
833,LEVOSULPIRIDE 25MG BLIST X 10 TAB,JMW,8.57,0.9097664543524416,0.8187898089171974,,0,,,,
1202,LEVOTIROXINA 100MCG BLISTER X 10 TAB,JMW,7.16,0.7600849256900213,0.6840764331210192,,0,,,,
1204,LEVOTIROXINA 50MCG BLISTER X 10 TAB,JMW,4.71,0.5,0.45,,0,,,,
3040,LIDOCAINA 2% AMP (IM/IV) 3 ML,CAPLIN POINT,3.77,0.4002123142250531,0.3601910828025478,,0,,,,
2182,LIDOCAINA URETRAL 20MG/G X 30 G,PHARLAB,25.43,2.699575371549894,2.4296178343949046,,0,,,,
2325,LINAZA MOLIDA CON AVENA 250GR,INTERVIT,83.65,8.880042462845012,7.992038216560511,,0,,,,
2324,LINAZA MOLIZA 250GR,INTERVIT,71.78,7.619957537154989,6.857961783439491,,0,,,,
1112,LINAZEITE ACEITE DE LINAZA X 30 CAPS,INTERVIT,73.01,7.750530785562633,6.97547770700637,,0,,,,
1108,LINAZEITE ACEITE DE LINAZA X 60 CAPS,INTERVIT,123.97,13.160297239915074,11.844267515923567,,0,,,,
296,LISIN-BE ALIMENTO LIQUIDO FCO 120ML,BIOTECH,42.18,4.477707006369426,4.029936305732484,,0,,,,
147,LISINOPRIL 10MG BLISTER X10 TAB,BALAXI,6.41,0.6804670912951168,0.6124203821656051,,0,,,,
920,LISINOPRIL 10MG X 10 TAB BLIST,BRIXMEDIC,9.23,0.9798301486199575,0.8818471337579618,,0,,,,
921,LISINOPRIL 20MG X 10 TAB BLIST,BRIXMEDIC,13.56,1.4394904458598727,1.2955414012738855,,0,,,,
2010,LIT (10.8G-4.05G) ENEMA PED 67.5ML,GENERICO DE CALIDAD,82.38,8.745222929936306,7.870700636942676,,0,,,,
2011,LIT (16G-6G) ENEMA ADULTO 100ML,GENERICO DE CALIDAD,85.23,9.047770700636944,8.14299363057325,,0,,,,
880,LOCION JABONOSA DE AZUFRE 120ML,LYA,35.98,3.819532908704883,3.4375796178343947,,0,,,,
2047,LODESTAR HCT 50MG - 12.5MG X 30 TAB,VALMORCA,42.86,4.549893842887474,4.094904458598727,,0,,,,
297,LOGANIL 250MG/5ML JARABE ADULTOS X120ML,BIOTECH,33.12,3.5159235668789806,3.1643312101910825,,0,,,,
2298,LOKARIN 5MG -60MG / 5ML JBE X 60ML,BIOTECH,28.57,3.0329087048832273,2.7296178343949045,,0,,,,
637,LOPERAM 2MG TAB (50X4) DISPENSADOR,LABORATORIOS VARGAS,712.99,75.68895966029724,68.12006369426751,,0,,,,
2243,LOPERAMIDA 2MG BLIST X 6 TAB,LAPROFF,3.86,0.4097664543524416,0.3687898089171974,,0,,,,
249,LORADEX 10MG X 10 TAB,PLUS ANDEX,7.4,0.7855626326963907,0.7070063694267517,,0,,,,
220,LORATADINA 10MG BLISTER X10 TAB,UNILINK,5.84,0.6199575371549894,0.5579617834394904,,0,,,,
775,LORATADINA 10MG BLISTER X10 TAB,BIOMEDIC LAB,4.43,0.47027600849256895,0.42324840764331206,,0,,,,
2231,LORATADINA 10MG X 10 TAB,SM PHARMA,5.61,0.5955414012738854,0.5359872611464969,,0,,,,
125,LORATADINA 10MG X 10 TAB (BLISTER),BALAXI,4.24,0.45010615711252655,0.4050955414012739,,0,,,,
2048,LORAVAL 10MG X 10 TAB,VALMORCA,14.7,1.5605095541401273,1.4044585987261147,,0,,,,
2049,LORAVAL 5MG/5ML X 60 ML JBE PED,VALMORCA,17.99,1.9097664543524415,1.7187898089171973,,0,,,,
922,LOSARTAN 50MG / 12.5MG . X 10 TAB BLIST,BRIXMEDIC,6.69,0.7101910828025478,0.639171974522293,,0,,,,
2050,LOSARTAN POT 50MG X 30 TAB,GENCER,38.62,4.099787685774947,3.6898089171974524,,0,,,,
213,LOSARTAN POT HIDROCLOTIAZIDA 50MG/12.5MG,JMW,9.42,1,0.9,,0,,,,
955,LOSARTAN POTASICO 100MG X 10 COMP REC.,LABORATORIOS VARGAS,13.18,1.3991507430997876,1.259235668789809,,0,,,,
2248,LOSARTAN POTASICO 50MG BLIST X 10 TAB,DROVNPLUS,3.74,0.3970276008492569,0.35732484076433124,,0,,,,
3071,LOSARTAN POTASICO 50MG TABLETAS X30,ALESS,19.59,2.0796178343949046,1.871656050955414,,0,,,,
2,LOSARTAN POTASICO 50MG X 10 TAB BLISTER,CAPLIN POINT,4.52,0.4798301486199575,0.43184713375796174,,0,,,,
432,LOSARTAN POTASICO 50MG X 30 COMP,GEOLAB,12.62,1.3397027600849256,1.2057324840764332,,0,,,,
2166,LOSARTANA POTASSICA 50MG X 30 COMP,NEOQUIMICA,8.67,0.9203821656050956,0.828343949044586,,0,,,,
642,LUMBAX 600MG X 10 TAB,LABORATORIOS VARGAS,32.53,3.4532908704883227,3.1079617834394906,,0,,,,
678,"MACROGOTERO EN ""Y""",MC MEDICAL,4.8,0.5095541401273885,0.4585987261146497,,0,,,,
2277,MAGMAX TRAD (LECHE MAGNESIA) 100ML,NATULAB,16.11,1.7101910828025477,1.539171974522293,,0,,,,
3026,MAGNESIO AMINOQUELADO,PHARMATECH,56.86,6.036093418259023,5.432484076433121,,0,,,,
737,MANZANILLA (PAPELETA) 5GR,LYA,17.33,1.8397027600849256,1.6557324840764331,,0,,,,
163,MASCARILLAS CON LIGA (FUCSIA),UM DESCARTABLES C.A.,2.83,0.30042462845010615,0.27038216560509554,,0,,,,
179,MASCARILLAS FACIALES KN95 -BLANCAX 5 UND,BLUE MEDICAL,40.51,4.300424628450106,3.870382165605095,,0,,,,
180,MASCARILLAS FACIALES KN95- ROJA X 5 UND,BLUE MEDICAL,40.51,4.300424628450106,3.870382165605095,,0,,,,
849,MASCARILLAS QUIRURG KIDS 3CAPAS X50 PZAS,GUOYAN,32.5,3.4501061571125264,3.105095541401274,,0,,,,
850,MASCARILLAS QUIRURG KIDS KFP4 3DX10 PZAS,KF94,17.14,1.8195329087048833,1.6375796178343949,,0,,,,
851,MASCARILLAS QUIRURG KIDS KFP94 95%X10PZS,KF94,17.14,1.8195329087048833,1.6375796178343949,,0,,,,
704,MELAX LAXANTE NATURAL POLVO FCO. 200 G,BIOTECH,103.43,10.979830148619959,9.881847133757963,,0,,,,
839,MELOXICAM 15MG BLIST X 10 TAB,BALAXI,4.99,0.529723991507431,0.4767515923566879,,0,,,,
923,MELOXICAM 15MG X 10 TAB BLIST,BRIXMEDIC,7.44,0.7898089171974523,0.7108280254777071,,0,,,,
90,MELOXICAM 15MG/1.5ML (I.M) AMP,VITALIS,6.69,0.7101910828025478,0.639171974522293,,0,,,,
939,MEMANTINA 10MG X 14 TAB,KMPLUS,34.29,3.640127388535032,3.2761146496815288,,0,,,,
738,MENTOL 10GR,LYA,19.59,2.0796178343949046,1.871656050955414,,0,,,,
2290,MENTOL DAVIS 14.18G,M DAVIS,8.48,0.9002123142250531,0.8101910828025478,,0,,,,
92,MEROPENEM 1GR (I.V) AMP,VITALIS,81.48,8.649681528662422,7.78471337579618,,0,,,,
470,MEROPENEM 1GR AMPOLLA,KMPLUS,73.38,7.789808917197452,7.010828025477707,,0,,,,
171,MEROPENEM 500MG AMP,EL MORRO,47.48,5.040339702760084,4.536305732484076,,0,,,,
1126,MERTHIOLATE 0.13% SOL INCOLORA X 60ML,LABORATORIOS VARGAS,42.69,4.531847133757962,4.078662420382166,,0,,,,
351,MERTHIOLATE 0.13% TINTURA ROJA X 60ML,LABORATORIOS VARGAS,34.87,3.7016985138004244,3.331528662420382,,0,,,,
2308,METFORMINA 500MG BLIST X 10 TAB,BRIXMEDIC,3.58,0.38004246284501064,0.3420382165605096,,0,,,,
563,METFORMINA 500MG BLISTER X 10 TAB.,CAPLIN POINT,7.82,0.8301486199575372,0.7471337579617835,,0,,,,
3072,METFORMINA 500MG TABLETAS X 30,ALESS,21.57,2.2898089171974525,2.0608280254777074,,0,,,,
395,METFORMINA 500MG X 30 TAB,TEUTO,17.43,1.8503184713375795,1.6652866242038216,,0,,,,
105,METFORMINA 500MG X 30 TAB,QUIMFAR,11.96,1.26963906581741,1.142675159235669,,0,,,,
9,METFORMINA 500MG+GLIBEN 5MG X 30,CAPLIN POINT,31.27,3.319532908704883,2.987579617834395,,0,,,,
1024,METFORMINA 850MG BLIST X 10 TAB,LAPROFF,6.5,0.6900212314225053,0.6210191082802548,,0,,,,
924,METFORMINA 850MG X 10 TAB BLIST,BRIXMEDIC,6.88,0.7303609341825902,0.6573248407643312,,0,,,,
2193,METFORMINA L.P 1GR BLIST X 10 TAB,CAPLIN POINT,10.55,1.1199575371549895,1.0079617834394905,,0,,,,
2296,METILPREDNISOLONA 500 MG (I.M/I.V) AMP,VITALIS,65.56,6.959660297239916,6.263694267515924,,0,,,,
766,METOCLOPRAMIDA 10MG BLISTER X10 TABLET,FAHD,3.96,0.42038216560509556,0.378343949044586,,0,,,,
2309,METOCLOPRAMIDA 10MG/2ML (I.M/I.V) AMP,BRIXMEDIC,2.83,0.30042462845010615,0.27038216560509554,,0,,,,
78,METOCLOPRAMIDA 10MG/2ML (I.M/I.V) AMP,BIOSANO,3.01,0.3195329087048832,0.2875796178343949,,0,,,,
2190,METOTREXATO 2.5MG BLIST X 10 TAB,CAPLIN POINT,47.95,5.090233545647559,4.581210191082803,,0,,,,
2121,METRONIDAZOL 125MG/5ML X 100ML SUSP PED,KMPLUS,20.82,2.210191082802548,1.989171974522293,,0,,,,
3074,METRONIDAZOL 500 MG OVULOS X 10,ALESS,36.36,3.859872611464968,3.4738853503184712,,0,,,,
2211,METRONIDAZOL 500MG BLIST X 10 TAB,SAAD,6.97,0.7399150743099787,0.6659235668789809,,0,,,,
2240,METRONIDAZOL 500MG BLIST X 10 TAB,BRIXMEDIC,7.72,0.8195329087048832,0.7375796178343949,,0,,,,
2314,METRONIDAZOL 500MG/100ML FCO,BIOMEDIC LAB,12.25,1.3004246284501062,1.1703821656050957,,0,,,,
3073,METRONIDAZOL+MICONAZOL 750MG/200MG OVUX7,ALESS,67.54,7.169851380042464,6.452866242038217,,0,,,,
935,METSIGLIN 500/50MG X 10 TAB,RONAVA,43.55,4.623142250530785,4.160828025477707,,0,,,,
669,MILAX X 120 GR,RONAVA,51.09,5.423566878980892,4.881210191082802,,0,,,,
670,MILAX X 360 GR,RONAVA,130.29,13.831210191082802,12.448089171974521,,0,,,,
3021,MIOVIT COMP SOLUCIONKIT X 6 AMP,COFASA,49.47,5.251592356687898,4.726433121019109,,0,,,,
2094,MIOVIT GRAGEAS X 10,COFASA,16,1.6985138004246285,1.5286624203821657,,0,,,,
2095,MIOVIT GRAGEAS X 30,COFASA,47.55,5.047770700636942,4.542993630573248,,0,,,,
3022,MIOVIT GRAGEAS X 60,COFASA,80.82,8.579617834394904,7.7216560509554135,,0,,,,
3023,MIOVIT JARABE X 180 ML,COFASA,73,7.749469214437368,6.9745222929936315,,0,,,,
2100,MIOVIT JBE SIN AZUCAR X 90ML,COFASA,47,4.989384288747346,4.490445859872612,,0,,,,
2093,MIOVIT SOL INYECT KIT X 3 AMP,COFASA,37,3.9278131634819533,3.535031847133758,,0,,,,
2092,MIOVIT SOL INYECT. KIT X 1 AMP,COFASA,19,2.0169851380042463,1.8152866242038217,,0,,,,
854,MIRTAZAPINA 15MG BP BLIST X 10 TAB,JMW,11.87,1.260084925690021,1.134076433121019,,0,,,,
2051,MIRTAZAVAL (MIRTAZAPINA) 30MG X 30 TAB,VALMORCA,63.49,6.739915074309979,6.065923566878982,,0,,,,
2323,MISULVAN 7.5MG/ML X 30ML SOL GOTAS,PLUS ANDEX,14.41,1.529723991507431,1.376751592356688,,0,,,,
958,MISULVAN COMPOSITUM JBE ADULT X 120ML,PLUS ANDEX,18.83,1.9989384288747345,1.799044585987261,,0,,,,
388,MISULVAN COMPOSITUM JBE.PED X120ML,PLUS ANDEX,17.92,1.902335456475584,1.7121019108280258,,0,,,,
628,MONO PARA CIRUJANO (TALLA M),DESCART INDUSTRIES,34.38,3.6496815286624207,3.2847133757961786,,0,,,,
629,MONO PARA CIRUJANO (TALLA XL),DESCART INDUSTRIES,32.4,3.4394904458598723,3.095541401273885,,0,,,,
65,MONO PARA CIRUJANO TALLA L,UM DESCARTABLES C.A.,26.09,2.76963906581741,2.492675159235669,,0,,,,
66,MONO PARA CIRUJANO TALLA L (FUCSIA),UM DESCARTABLES C.A.,30.52,3.239915074309979,2.915923566878981,,0,,,,
1142,MONTELUKAST 10MG BLIST X 10 TAB,JMW,16.3,1.7303609341825903,1.5573248407643312,,0,,,,
2079,MONTELUKAST 5MG BLIST X 10 TAB,BRIXMEDIC,8.85,0.9394904458598726,0.8455414012738853,,0,,,,
2151,MORINGA 450MG X 60 CAPS,HERBAPLANT,50.94,5.407643312101911,4.86687898089172,,0,,,,
2341,MUCOBROL 4MG/5ML X 120ML JBE,COFASA,56.5,5.997876857749469,5.398089171974522,,0,,,,
1048,MUCOFAR JARABE PED X 120ML,QUIMFAR,19.03,2.0201698513800426,1.8181528662420383,,0,,,,
359,MUCOLIPTO 15MG/5ML JARABE X90ML,ZUOZ PHARMA,33,3.5031847133757963,3.1528662420382165,,0,,,,
360,MUCORAMA 15MG/5ML JARABE X118ML,ZUOZ PHARMA,34.47,3.6592356687898087,3.293312101910828,,0,,,,
299,MULTIDERM2% UNGUENTO TUBO 15 GR,BIOTECH,29.87,3.1709129511677285,2.8538216560509557,,0,,,,
840,MULTIVITAMINA JBE X 100ML,BALAXI,23.74,2.520169851380042,2.268152866242038,,0,,,,
762,MUPIROCIN 2% UNGUENTO 15GR,FAHD,43.52,4.61995753715499,4.157961783439491,,0,,,,
2052,NACLODIN 0.150 MG X 20 COMP,VALMORCA,36.74,3.9002123142250533,3.510191082802548,,0,,,,
796,NANOCREAM 50 G,SOMA,30.9,3.2802547770700636,2.9522292993630574,,0,,,,
473,NAPROXENO 500MG X 10 TABLETAS,KMPLUS,20.16,2.140127388535032,1.9261146496815287,,0,,,,
562,NAPROXENO 550MG BLISTER X 10 TAB,CAPLIN POINT,28.64,3.040339702760085,2.7363057324840767,,0,,,,
245,NARIX (NINAZO) 0.5MG/ML X30ML,CIMED,14.22,1.5095541401273886,1.3585987261146497,,0,,,,
558,N-BUTIL BROMURO HIOSC 20 MG (I.M/I.V)AMP,VITALIS,8.48,0.9002123142250531,0.8101910828025478,,0,,,,
392,NEODIA (PASTILLA DE EMERGENCIA) X 1 COMP,NEOQUIMICA,3.39,0.3598726114649682,0.3238853503184714,,0,,,,
2241,NIFEDIPINA 10MG BLIST X 10 TAB,BRIXMEDIC,3.77,0.4002123142250531,0.3601910828025478,,0,,,,
289,NIFEDIPINA 10MG BLISTER X10 TABLETAS,CAPLIN POINT,2.83,0.30042462845010615,0.27038216560509554,,0,,,,
185,NIFEDIPINA 20MG BLISTER X 10TAB,FAHD,4.9,0.5201698513800425,0.4681528662420382,,0,,,,
1190,NIFEDIPINA LP 20MG BLIST X 10 TAB,CAPLIN POINT,4.62,0.49044585987261147,0.44140127388535033,,0,,,,
1120,NISTATINA 100000 IU SUSP 30ML,BRIXMEDIC,19.22,2.0403397027600847,1.8363057324840764,,0,,,,
2200,NISTATINA OV/ VAG 100.000 UI BLIST X 10,INMENOL,28.73,3.0498938428874736,2.744904458598726,,0,,,,
1052,NISTATINA+OX ZINCO 100.000 UI POM 60G,NEOQUIMICA,22.89,2.4299363057324843,2.186942675159236,,0,,,,
2357,NITAZOXANIDA 500MG X 10 CAPS,DROVNPLUS,39.69,4.213375796178344,3.7920382165605093,,0,,,,
2299,NORSINA 500MG - 10MG X 12 TAB,BIOTECH,29.22,3.1019108280254777,2.79171974522293,,0,,,,
339,NOVACODIN 50MG/5ML SOL ORAL X120ML,LABORATORIOS VARGAS,33.64,3.5711252653927814,3.214012738853503,,0,,,,
10014,NOXIPAIR (ENOXOPARINA) 80MG/08MLX 2 AMP,BIOSANO,246.33,26.149681528662423,23.53471337579618,,0,,,,
10013,NOXIPAR(ENOXOPARINA) 60MG /0.6ML X 2 AMP,BIOSANO,208.18,22.09978768577495,19.889808917197456,,0,,,,
2135,ÑAME SALVAJE MEXICANO 365MG X 60 CAP,HERBAPLANT,50.94,5.407643312101911,4.86687898089172,,0,,,,
680,OBTURADOR TAPA HEPARINA,MC MEDICAL,0.85,0.09023354564755838,0.08121019108280254,,0,,,,
2316,OLANZAPINA 5MG BLIST X 10 TAB,BIOMEDIC LAB,11.59,1.2303609341825903,1.1073248407643312,,0,,,,
2122,OLANZAPINA 5MG X 10 TAB,KMPLUS,10.13,1.075371549893843,0.9678343949044587,,0,,,,
324,OLANZAPINA ORODISPERSAB 5MG BLSTX10TAB,BIOMEDIC LAB,14.04,1.4904458598726114,1.3414012738853502,,0,,,,
574,OLMESARTAN 20MG BLISTER X 10 TAB,BIOMEDIC LAB,11.59,1.2303609341825903,1.1073248407643312,,0,,,,
3077,OLMESARTAN 20MG TABLETAS X 30,ALESS,39.19,4.160297239915074,3.744267515923567,,0,,,,
2282,OMEPRAZOL 20MG BLIST X 10 TAB,SAGA,4.43,0.47027600849256895,0.42324840764331206,,0,,,,
2312,OMEPRAZOL 20MG BLIST X 10 TAB,BIOMEDIC LAB,3.67,0.3895966029723991,0.3506369426751592,,0,,,,
774,OMEPRAZOL 20MG C/ MICROG ENTX30CAPS,GENERICO DE CALIDAD,30.3,3.21656050955414,2.894904458598726,,0,,,,
773,OMEPRAZOL 20MG C/MICROG ENTX7CAPS,GENERICO DE CALIDAD,7.96,0.8450106157112527,0.7605095541401274,,0,,,,
956,OMEPRAZOL 20MG CAP.M.G.E(10X7) DISP,LABORATORIOS VARGAS,50.4,5.350318471337579,4.8152866242038215,,0,,,,
502,OMEPRAZOL 20MG X 10 CAPSULAS,BRIXMEDIC,4.14,0.43949044585987257,0.3955414012738853,,0,,,,
1053,OMEPRAZOL 20MG X 56 CAPS,GEOLAB,23.27,2.470276008492569,2.2232484076433123,,0,,,,
459,OMEPRAZOL 40MG AMP,EL MORRO,7.35,0.7802547770700636,0.7022292993630573,,0,,,,
2257,OMOPREL (OMEPRAZOL) 20MG X 28 CAP,BELFAR,18.37,1.9501061571125267,1.755095541401274,,0,,,,
823,ONDANSETRON 8MG/4MLAMP,BIOSANO,10.93,1.1602972399150744,1.044267515923567,,0,,,,
361,ORALZINC S/MANDARINA X 1 SOBRE,ZUOZ PHARMA,36.1,3.832271762208068,3.4490445859872616,,0,,,,
79,OXACILINA 1GR,PHARMACEUTICAL,5.46,0.5796178343949044,0.521656050955414,,0,,,,
3084,OXALAMINA 50MG/5MLX120ML JBE ADULTO,VALMORCA,34.57,3.669851380042463,3.3028662420382164,,0,,,,
2053,OXIMETAZOLINA CLORH 0.025% X 15ML PED,GENCER,29.39,3.1199575371549892,2.8079617834394903,,0,,,,
1148,OXITOCINA 5 U. I/ 1ML (I.M/I.V) AMP,BIOSANO,5.18,0.5498938428874734,0.4949044585987261,,0,,,,
2054,OXOLAMINA 28MG/5ML X 120 ML JBE PED,GENCER,33.06,3.509554140127389,3.15859872611465,,0,,,,
2273,PANTOPRAZOL / DOMPE 40/30MG BLISTX 10TAB,JMW,8.48,0.9002123142250531,0.8101910828025478,,0,,,,
127,PANTOPRAZOL 40MG BLIST X 10 TAB,JMW,7.35,0.7802547770700636,0.7022292993630573,,0,,,,
3078,PANTOPRAZOL SODICO 40MG TABLETAS X 7,ALESS,13.85,1.470276008492569,1.3232484076433122,,0,,,,
2205,PARACETAMOL 500MG BLIST X 10 TAB,SAGA,3.2,0.3397027600849257,0.30573248407643316,,0,,,,
793,PASTEZINC 50 G,SOMA,27.98,2.970276008492569,2.673248407643312,,0,,,,
824,PENICILINA BENZAICA 1.200.000UI AMP,EL MORRO,3.2,0.3397027600849257,0.30573248407643316,,0,,,,
81,PENICILINA BENZAICA 2.400.000 UI AMP,EL MORRO,6.59,0.6995753715498938,0.6296178343949045,,0,,,,
2342,PINVEX 5G-1G/100ML X 10ML SOL,COFASA,39,4.140127388535032,3.726114649681529,,0,,,,
39,POLIVIT A-Z+ MINERALES X 60 CAPSULAS,POLIMAIS,22.04,2.3397027600849256,2.1057324840764333,,0,,,,
300,PRALINA (PREGABALINA) 75MG X 14 CAPS,BIOTECH,26.62,2.8259023354564756,2.543312101910828,,0,,,,
1089,PREDNISOLONA 5MG BLIST X 10 TAB,UNICURE,6.31,0.6698513800424628,0.6028662420382166,,0,,,,
474,PREDNISOLONA 5MG X 10 TABLETAS,KMPLUS,7.25,0.7696390658174098,0.6926751592356688,,0,,,,
101,PREDNISOLONA 5MG X 30 TAB,BLUE MEDICAL,21.38,2.2696390658174095,2.0426751592356687,,0,,,,
2055,PREDNISONA 50MG X 10 TAB,GENCER,41.64,4.420382165605096,3.978343949044586,,0,,,,
896,PREDNISONA 5MG BLIST X 10 TAB,CLINIMED,10.17,1.0796178343949046,0.9716560509554141,,0,,,,
2056,PREDNISONA 5MG X 10 TAB,GENCER,15.26,1.6199575371549895,1.4579617834394905,,0,,,,
506,PREGABALINA 150MG BLISTER X 10 CAPSULAS,BRIXMEDIC,9.42,1,0.9,,0,,,,
1035,PREGABALINA 75MG BLIST X 10 TAB,JMW,15.64,1.6602972399150744,1.494267515923567,,0,,,,
2007,PREGABALINA 75MG BLIST X 10 TAB,SAGA,11.68,1.2399150743099787,1.1159235668789809,,0,,,,
944,PREGABALINA 75MG X 10 TAB,KMPLUS,18.27,1.9394904458598725,1.7455414012738852,,0,,,,
931,PREGABALINA 75MG X 10 TAB BLIST,BIOMEDIC LAB,18.27,1.9394904458598725,1.7455414012738852,,0,,,,
2057,PRELIVAL (PREGABALINA) 150MG X 20 CAPS,VALMORCA,65.47,6.950106157112526,6.255095541401274,,0,,,,
2058,PRELIVAL (PREGABALINA) 75MG X 20 CAPS,VALMORCA,45.88,4.870488322717622,4.38343949044586,,0,,,,
346,PREVERAL CON DEXTRO JBE X120ML,LABORATORIOS VARGAS,41.45,4.400212314225054,3.9601910828025484,,0,,,,
342,PROMEDINA 2MG 7.5MG/5ML SOL ORAL X120ML,LABORATORIOS VARGAS,40,4.246284501061571,3.821656050955414,,0,,,,
301,PROPANOLOL 10 MG X 20 TABLETAS,BIOTECH,14.29,1.5169851380042463,1.3652866242038217,,0,,,,
508,PROPANOLOL 40MG BLISTER X 10 TABLETAS,BRIXMEDIC,5.37,0.5700636942675159,0.5130573248407644,,0,,,,
302,PROPANOLOL 40MG X 20 TABLETAS,BIOTECH,25.97,2.7569002123142248,2.4812101910828024,,0,,,,
314,PROPANOLOL 40MG X20 COMPRIMIDOS,PLUS ANDEX,12.21,1.2961783439490446,1.1665605095541403,,0,,,,
3036,PROPRANOLOL TAB 40MG BLISTER X 10 TAB,UNICURE,4.05,0.42993630573248404,0.38694267515923564,,0,,,,
1070,PROTEINA LS HUEVO SABOR A CHOCOLATE 250G,LIFESYSTEM,127.17,13.5,12.15,,0,,,,
1071,PROTEINA LS HUEVO SABOR A VAINILLA 250G,LIFESYSTEM,127.17,13.5,12.15,,0,,,,
2287,PYLOOCAIN(UGUENTO P/HEMORROIDE) 30GR,GALENTIC,32.5,3.4501061571125264,3.105095541401274,,0,,,,
2274,QUETIAPINA 100MG BLIST X 10 TAB,JMW,13.47,1.429936305732484,1.2869426751592357,,0,,,,
739,QUITACALLOS POMADA TOPICA 8GR,LYA,21.48,2.2802547770700636,2.0522292993630575,,0,,,,
1092,RANITIDINA 150MG BLIST X 10 TAB,CAPLIN POINT,7.25,0.7696390658174098,0.6926751592356688,,0,,,,
2358,RANITIDINA 50MG/2ML (I.M/I.V) AMP,DROVNPLUS,15.87,1.6847133757961783,1.5162420382165605,,0,,,,
2310,RANITIDINA 50MG/2ML (I.M/I.V) AMP,BRIXMEDIC,2.17,0.23036093418259024,0.20732484076433122,,0,,,,
417,RARIVIT A-Z X 60 COMPRIMIDOS,GLOBO,41.35,4.389596602972399,3.9506369426751595,,0,,,,
436,RARIVIT CABELLO X 30 CAPSULAS,GLOBO,30.62,3.2505307855626326,2.9254777070063693,,0,,,,
455,RARIVIT CALCIO 250ML,GLOBO,29.39,3.1199575371549892,2.8079617834394903,,0,,,,
329,RARIVIT E-VITAMINA E X30 CAPSULAS,GLOBO,30.8,3.26963906581741,2.942675159235669,,0,,,,
44,RARIVIT IMUNO VITC+D+ZINC X 30 TAB,GLOBO,26.28,2.7898089171974525,2.510828025477707,,0,,,,
453,RARIVIT MUJER X 60 COMPRIMIDOS,GLOBO,41.64,4.420382165605096,3.978343949044586,,0,,,,
2096,REDUBEN 100MG X 10 TAB,COFASA,40.5,4.2993630573248405,3.8694267515923566,,0,,,,
362,REFLUXYL SUSPENSION X120ML,ZUOZ PHARMA,89.36,9.48619957537155,8.537579617834396,,0,,,,
1155,REHIDROSOL FRAMBUESA 45 MEQ/L X 600ML,BEHRENS,39.19,4.160297239915074,3.744267515923567,,0,,,,
1122,REHIDROSOL FRESA 45 MEQ/L X 600 ML,BEHRENS,39.19,4.160297239915074,3.744267515923567,,0,,,,
1123,REHIDROSOL MANZANA 60 MEQ/L X 600 ML,BEHRENS,42.39,4.5,4.05,,0,,,,
1124,REHIDROSOL UVA 45 MEQ/L X 600 ML,BEHRENS,39.19,4.160297239915074,3.744267515923567,,0,,,,
1082,RHELEN ARNICA CRISTAL 100GR,RHELEN,21.85,2.3195329087048835,2.087579617834395,,0,,,,
1111,RHELEN ARNICA PLUS 100GR,RHELEN,27.41,2.9097664543524417,2.6187898089171977,,0,,,,
1107,RHELEN ARNICA PLUS CRISTAL 250GR,RHELEN,45.5,4.830148619957537,4.3471337579617835,,0,,,,
1113,RHELEN ARNICA PLUS FLIP TOP 240GR,RHELEN,41.17,4.370488322717622,3.9334394904458603,,0,,,,
1156,RHELEN ARNICA PLUS SPRAY X 120ML,RHELEN,27.41,2.9097664543524417,2.6187898089171977,,0,,,,
1114,RHELEN ARNICA PLUS TARRO 250GR,RHELEN,45.12,4.789808917197452,4.310828025477707,,0,,,,
1081,RHELEN ARNICA ROLL ON PLUS 90ML,RHELEN,23.46,2.4904458598726116,2.2414012738853506,,0,,,,
1077,RHELEN BODY CARE FRESH 250ML,RHELEN,20.35,2.1602972399150744,1.944267515923567,,0,,,,
1076,RHELEN BODY CARE FRESH 400ML,RHELEN,25.25,2.680467091295117,2.4124203821656054,,0,,,,
1073,RHELEN BODY CARE TROPICAL 250ML,RHELEN,25.81,2.7399150743099785,2.4659235668789807,,0,,,,
1072,RHELEN BODY CARE TROPICAL 400ML,RHELEN,25.25,2.680467091295117,2.4124203821656054,,0,,,,
1074,RHELEN CREM CORPORAL C/VIT E 250ML,RHELEN,24.96,2.6496815286624207,2.3847133757961787,,0,,,,
1075,RHELEN CREM CORPORAL C/VIT E 400ML,RHELEN,26.09,2.76963906581741,2.492675159235669,,0,,,,
1083,RHELEN CREM REFRESCANTE P/LOS PIES 250GR,RHELEN,35.14,3.7303609341825905,3.3573248407643317,,0,,,,
2292,RHELEN SOLUCION JABONOSA INTIMA 250ML,RHELEN,37.21,3.9501061571125264,3.5550955414012737,,0,,,,
702,RINOT X 12 CAPSULAS,BIOTECH,19.48,2.067940552016985,1.8611464968152867,,0,,,,
1096,RISPERIDONA 2MG BLIST X 10 TAB,UNICURE,11.68,1.2399150743099787,1.1159235668789809,,0,,,,
671,ROCARNIN 10 FCO X 120 ML,RONAVA,36,3.821656050955414,3.4394904458598727,,0,,,,
672,RONAVIT EST X 20 CAPS,RONAVA,20.9,2.2186836518046706,1.9968152866242037,,0,,,,
186,ROSUVASTATINA 20MG BLISTER X10TAB,FAHD,10.36,1.099787685774947,0.9898089171974522,,0,,,,
740,SAL DE EPSON (PAPELETA) 20GR,LYA,15.07,1.599787685774947,1.4398089171974522,,0,,,,
881,SAL DE FRUTAS (3 SOBRES),LYA,18.56,1.9702760084925688,1.773248407643312,,0,,,,
673,SARIFAN COMPOS. X 20 TAB,RONAVA,50.81,5.393842887473461,4.854458598726115,,0,,,,
2128,SAW PALMETO 300MG X 60 CAPS,HERBAPLANT,45.77,4.858811040339703,4.3729299363057335,,0,,,,
1036,SAW PALMETTO 500MG X 60 CAPS,JMW,42.77,4.540339702760085,4.086305732484076,,0,,,,
303,SAX SOL FRASCO 135ML C/CANULA VAGINAL,BIOTECH,27.27,2.894904458598726,2.6054140127388536,,0,,,,
304,SAXACID SOL VAGINAL FCO 135ML C/CANULA V,BIOTECH,25.32,2.6878980891719744,2.419108280254777,,0,,,,
2300,SECNIDAZOL 1000MG X 2 COMP,PHARLAB,12.81,1.3598726114649682,1.2238853503184715,,0,,,,
3037,SECNIDAZOL 1GR BLISTER X 2 TAB,UNICURE,12.06,1.2802547770700639,1.1522292993630574,,0,,,,
1194,SECNIDAZOL SUSP 125MG X 30ML,CAPLIN POINT,39.28,4.169851380042463,3.7528662420382166,,0,,,,
516,SECNIDEX 500MGX 4 TABLETAS,PLUS ANDEX,11.3,1.199575371549894,1.0796178343949046,,0,,,,
437,SET DE INFUSION DE SANGRE,DC MEDICAL,5.75,0.6104033970276008,0.5493630573248408,,0,,,,
860,SILDENAFIL 50MG X 8 TAB,JMW,8.48,0.9002123142250531,0.8101910828025478,,0,,,,
3030,SILDENAFIL TAB 50MG X 4 TAB,UNICURE,4.52,0.4798301486199575,0.43184713375796174,,0,,,,
3042,SILDENAFIL(SOSTENGO LIGHT 50X2TAB,CAPLIN POINT,3.3,0.3503184713375796,0.31528662420382164,,0,,,,
257,SILDEX 100MG X 1 TAB,PLUS ANDEX,4.16,0.4416135881104034,0.3974522292993631,,0,,,,
258,SILDEX 100MG X 2 TAB,PLUS ANDEX,6.1,0.6475583864118896,0.5828025477707006,,0,,,,
263,SILDEX 50MG X 1 TAB,PLUS ANDEX,3.77,0.4002123142250531,0.3601910828025478,,0,,,,
520,SILDEX 50MG X 2 TABLETAS,PLUS ANDEX,5.97,0.6337579617834395,0.5703821656050956,,0,,,,
2350,SILVADEX CREMA 1%(SULFADI DE PLATA) 20G,GALENTIC,25.72,2.73036093418259,2.4573248407643313,,0,,,,
2167,SIMETICONA 75MG/ML GOTAS X 15 ML,1 FARMA,8.57,0.9097664543524416,0.8187898089171974,,0,,,,
926,SIMVASTATINA 20MG X 10 TAB BLIST,BALAXI,6.5,0.6900212314225053,0.6210191082802548,,0,,,,
2129,SKOLLAGE(COLAGENO ANTIOX) 500MG X60 CAPS,HERBAPLANT,61.09,6.485138004246285,5.836624203821657,,0,,,,
315,SOL. CLORURO DE SODIO 0.9% 500ML,BIOMEDIC LAB,9.42,1,0.9,,0,,,,
945,SOLUCION CLORURO DE SODIO 0.45% 500ML,KMPLUS,18.18,1.929936305732484,1.7369426751592356,,0,,,,
946,SOLUCION RINGER LACTATO 500ML,KMPLUS,18.37,1.9501061571125267,1.755095541401274,,0,,,,
799,SOMA NEUTRAL (JABON LIQ )240 ML,SOMA,20.35,2.1602972399150744,1.944267515923567,,0,,,,
810,SOMA SOMEDINE JABON 120 ML,SOMA,36.64,3.889596602972399,3.5006369426751593,,0,,,,
785,SOMA SOMEDINE SOLUCION 120 ML,SOMA,31.56,3.3503184713375793,3.0152866242038217,,0,,,,
797,SOMTEX ALCOHOL AL 70 % 240 ML (E.F),SOMA,29.3,3.110403397027601,2.799363057324841,,0,,,,
798,SOMTEX ALCOHOL AL 70 % 650 ML (E.F),SOMA,41.17,4.370488322717622,3.9334394904458603,,0,,,,
786,SOMTEX GEL ANTIBACTERIAL 200 ML,SOMA,24.68,2.6199575371549892,2.3579617834394906,,0,,,,
882,SUERO PARA REHIDRATACION ORAL(1SOBRE),LYA,22.7,2.4097664543524417,2.1687898089171975,,0,,,,
818,SULFADIAZINA DE PLATA 1%CRM X30 GR,COASPHARMA S.A,32.69,3.470276008492569,3.1232484076433122,,0,,,,
741,SULFATIAZOL UNGUENTO 20GR,LYA,23.74,2.520169851380042,2.268152866242038,,0,,,,
2295,SULFATO DE MAGNESIO 25%/5ML (I.M/I.V)AMP,BIOSANO,18.09,1.9203821656050954,1.728343949044586,,0,,,,
2285,SULFATO DE ZINC 20MG BLIST X 10 TAB,UNICURE,4.14,0.43949044585987257,0.3955414012738853,,0,,,,
914,SULFATO FERROSO (FERRONIL) 40MG X 50 TAB,TEUTO,20.16,2.140127388535032,1.9261146496815287,,0,,,,
4,SULFATO FERROSO 300MG X 10 TAB BLISTER,CAPLIN POINT,2.73,0.2898089171974522,0.260828025477707,,0,,,,
2301,SULFERMAX(SULFATO FERROSO) X 40 COMP,AIRELA,12.25,1.3004246284501062,1.1703821656050957,,0,,,,
1001,SULTAMICILINA 750MG BLIST X 10 TAB,DROVNPLUS,94.56,10.038216560509554,9.0343949044586,,0,,,,
2187,SUPLEMENT VIT CABELLOS Y UÑAS VIT-MX30CP,CIMED,28.17,2.9904458598726116,2.6914012738853503,,0,,,,
2178,SUPLEMENT VITAM P/CABELLO Y UÑAS X60 CAP,CIMED,42.86,4.549893842887474,4.094904458598727,,0,,,,
40,SUPLEMENTO ALIM+IMUNIDADE X 60 CAPSULAS,POLIMAIS,22.04,2.3397027600849256,2.1057324840764333,,0,,,,
884,SUPRAMAX VITAMINA A-Z X 60 COMP.(ADULTO),GLOBO,30.62,3.2505307855626326,2.9254777070063693,,0,,,,
2059,TADAFOX 20MG X 1 TAB,VALMORCA,7.44,0.7898089171974523,0.7108280254777071,,0,,,,
2060,TADAFOX 5MG X 30 TAB,VALMORCA,39.38,4.180467091295117,3.762420382165606,,0,,,,
2281,TADALAFIL 20MG BLIST X 4 TAB,UNICURE,6.12,0.6496815286624203,0.5847133757961783,,0,,,,
307,TADALAFIL 20MG BLISTER X 4 TAB,BALAXI,4.8,0.5095541401273885,0.4585987261146497,,0,,,,
1094,TADALAFIL 5MG BLIST X 12 TAB,UNICURE,12.91,1.370488322717622,1.2334394904458599,,0,,,,
1054,TADALAFILA 20MG X 2 COMP,NEOQUIMICA,8.57,0.9097664543524416,0.8187898089171974,,0,,,,
2303,TALCO BABY 50GR,LYA,34.01,3.610403397027601,3.2493630573248407,,0,,,,
743,TALCO BORICADO 50GR,LYA,29.86,3.169851380042463,2.8528662420382167,,0,,,,
305,TAMOA 250MG COMP MASTICABLES X6,BIOTECH,29.87,3.1709129511677285,2.8538216560509557,,0,,,,
570,TAMOXIFEN 20MG BLISTER X 10 TAB,CAPLIN POINT,32.97,3.5,3.15,,0,,,,
509,TAMSULOSINA 0.4MG BLISTER X 10 CAPSILAS,BRIXMEDIC,7.44,0.7898089171974523,0.7108280254777071,,0,,,,
3079,TAMSULOSINA 0.4MG CAPSULAS X 30,ALESS,52.19,5.540339702760085,4.986305732484077,,0,,,,
1041,TAMSULOSINA CLORH 0.4MG BLIST X 10 TAB,DROVNPLUS,7.35,0.7802547770700636,0.7022292993630573,,0,,,,
2136,TE VERDE 500MG X 60 CAP,HERBAPLANT,50.94,5.407643312101911,4.86687898089172,,0,,,,
33,TENSALIV BENSILATO DE AMLODIPINA 5MG X30,NEOQUIMICA,8.38,0.8895966029723993,0.8006369426751594,,0,,,,
34,TEST DE EMBARAZO CONFIRAX1TEST,SANFARMA,4.9,0.5201698513800425,0.4681528662420382,,0,,,,
1163,TETEROS 3 OZ BAMBINO REF BBID-10,BAMBINO,25.72,2.73036093418259,2.4573248407643313,,0,,,,
1165,TETEROS 3 OZ BAMBINO REF BBID-11,BAMBINO,26.66,2.830148619957537,2.5471337579617837,,0,,,,
1169,TETEROS 3 OZ BAMBINO REF BBID-159,BAMBINO,26.66,2.830148619957537,2.5471337579617837,,0,,,,
1162,TETEROS 4 OZ BAMBINO REF BBID-1,BAMBINO,39.47,4.190021231422505,3.7710191082802544,,0,,,,
1173,TETEROS 4 OZ BAMBINO REF BBID-20,BAMBINO,30.24,3.2101910828025475,2.889171974522293,,0,,,,
1175,TETEROS 4 OZ BAMBINO REF BBID-27,BAMBINO,38.34,4.070063694267517,3.663057324840765,,0,,,,
1182,TETEROS 4 OZ BAMBINO REF BBID-38,BAMBINO,35.04,3.7197452229299364,3.347770700636943,,0,,,,
2278,TEUTOVIT E 400MG X 30 CAP,TEUTO,29.2,3.0997876857749467,2.789808917197452,,0,,,,
130,TINIDAZOL 500MG X 4 TAB (BLISTER),BALAXI,3.58,0.38004246284501064,0.3420382165605096,,0,,,,
883,TINTURA DE ARNICA 30ML,LYA,19.97,2.1199575371549892,1.9079617834394904,,0,,,,
2306,TINTURA DE VALERIANA 30ML,LYA,21.48,2.2802547770700636,2.0522292993630575,,0,,,,
264,TIOCHAS 4MG X 12 COMP,PLUS ANDEX,24.42,2.5923566878980893,2.3331210191082805,,0,,,,
2344,TIOCOLCHICOSIDO 4MG BLIST X 10 TAB,SAGA,21.01,2.2303609341825905,2.0073248407643316,,0,,,,
3080,TIOCOLCHICOSIDO4MG/2ML/ IM AMP X 50,ALESS,52.19,5.540339702760085,4.986305732484077,,0,,,,
2232,TIOFEN 600MG-4MG BLIST X 10 COMP,SM PHARMA,20.19,2.143312101910828,1.9289808917197453,,0,,,,
1037,TOBRAMICINA 0.3% SOL.OFTAL 5ML,JMW,19.59,2.0796178343949046,1.871656050955414,,0,,,,
515,TONUM 10MG TABLETAS X 30,BIOTECH,23.38,2.4819532908704884,2.2337579617834398,,0,,,,
2070,TRACEVAL 500MG-50MG X 20 TAB,VALMORCA,91.75,9.739915074309978,8.76592356687898,,0,,,,
674,TRACTIL 4MG X 12 TAB,RONAVA,26.5,2.813163481953291,2.531847133757962,,0,,,,
592,TRIMETOPRIM+SULFAMETOXAZOL 160/800MG TAB,BRIXMEDIC,11.4,1.2101910828025477,1.089171974522293,,0,,,,
1066,UNICOMICINA (VANCOMICINA) 1G I.V AMP,UNIPHARMA,55.01,5.839702760084926,5.255732484076433,,0,,,,
1062,UNIXONA (CEFTRIAXONA) 1G I.V AMP,UNIPHARMA,8.57,0.9097664543524416,0.8187898089171974,,0,,,,
2245,VALCOPLUS (ACID VALPROICO) 500MG X 10TAB,DROVNPLUS,23.27,2.470276008492569,2.2232484076433123,,0,,,,
383,VALERIANA 100MG X 30 TABLETAS,NATURISSIMA,61.7,6.549893842887474,5.8949044585987265,,0,,,,
2071,VALPIZOP (ZOLPIDEM) 10 MG X 20 TAB,VALMORCA,37.3,3.959660297239915,3.5636942675159236,,0,,,,
2061,VALSANTAN 160MG - HCT 12.5MG X 14 TAB,GENCER,61.14,6.490445859872612,5.84140127388535,,0,,,,
2196,VALSARTAN 160MG X 10 TAB,UNICURE,20.06,2.1295116772823777,1.91656050955414,,0,,,,
2123,VALSARTAN 160MG X 10 TAB,KMPLUS,21.95,2.330148619957537,2.0971337579617835,,0,,,,
2062,VALSARTAN 80MG - HCT 12.5MG X 14 TAB,GENCER,34.01,3.610403397027601,3.2493630573248407,,0,,,,
569,VALSARTAN 80MG BLISTER X 10 TAB,CAPLIN POINT,14.51,1.540339702760085,1.3863057324840764,,0,,,,
35,VANCOMICINA 500MG AMPOLLA I.V,VITALIS,22.89,2.4299363057324843,2.186942675159236,,0,,,,
744,VAPOR RUP 10GR,LYA,14.32,1.5201698513800426,1.3681528662420384,,0,,,,
745,VAPOR RUP 25GR,LYA,17.62,1.870488322717622,1.6834394904458598,,0,,,,
746,VAPOR RUP 25GR (ROLL ON),LYA,20.91,2.2197452229299364,1.9977707006369427,,0,,,,
747,VAPOR RUP 50GR,LYA,34.48,3.660297239915074,3.2942675159235666,,0,,,,
2289,VAPORUB 12G,VICKVAP,13.56,1.4394904458598727,1.2955414012738855,,0,,,,
748,VASELINA 10GR,LYA,18.75,1.9904458598726116,1.7914012738853504,,0,,,,
749,VASELINA 30GR,LYA,21.48,2.2802547770700636,2.0522292993630575,,0,,,,
750,VASELINA 50GR,LYA,26,2.760084925690021,2.484076433121019,,0,,,,
2132,VENACARE 460MG X 60 CAPS,HERBAPLANT,61.09,6.485138004246285,5.836624203821657,,0,,,,
630,VENDA ELASTICA 5CM,BV (BASTOS VIEGAS),3.11,0.33014861995753714,0.29713375796178343,,0,,,,
1069,VESTAX (ACETAMINOFEN) 650MG X 10 TAB,LABORATORIOS VARGAS,8.32,0.8832271762208068,0.7949044585987262,,0,,,,
751,VIOLETA DE GENCIANA 30ML,LYA,15.64,1.6602972399150744,1.494267515923567,,0,,,,
420,VIT COMPLEJO B X 10 TAB BLISTER,BALAXI,3.96,0.42038216560509556,0.378343949044586,,0,,,,
233,VITA COMPLEJO B AMP IM/IV 10ML,BALAXI,11.3,1.199575371549894,1.0796178343949046,,0,,,,
711,VITA MUNE A-Z MUJER X 60 COMP,VITA MUNE,34.29,3.640127388535032,3.2761146496815288,,0,,,,
2279,VITA MUNE CALCIO + VIT D3 600MG X 60COMP,VITA MUNE,30.62,3.2505307855626326,2.9254777070063693,,0,,,,
604,VITA MUNE KIDS - SUPLEMENTO 240 ML,1 FARMA,30.62,3.2505307855626326,2.9254777070063693,,0,,,,
2183,VITA MUNE OMEGA 3 X 60 CAPS,VITA MUNE,51.34,5.450106157112527,4.905095541401275,,0,,,,
3028,VITAM E CON SELENIO 30 TAB,PHARMATECH,55.73,5.916135881104034,5.32452229299363,,0,,,,
927,VITAMINA B COMPLEJO JBE 100 ML,BRIXMEDIC,16.11,1.7101910828025477,1.539171974522293,,0,,,,
19,VITAMINA C 500 MG/5ML AMP IV/IM,MEDEK PHARMA,5.93,0.6295116772823779,0.5665605095541402,,0,,,,
2125,VITAMINA C 500MG/5ML (I.M/I.V) AMP,KMPLUS,5.65,0.599787685774947,0.5398089171974523,,0,,,,
1009,VITAMINA C 500MG/5ML (I.M/I.V) AMP,BRIXMEDIC,6.12,0.6496815286624203,0.5847133757961783,,0,,,,
102,VITAMINA C MASTICABLE 500MG X 10 TAB MAS,CAPLIN POINT,12.25,1.3004246284501062,1.1703821656050957,,0,,,,
2242,VITAMINA COMPLEJO B BLIST X 10 TAB,BRIXMEDIC,4.8,0.5095541401273885,0.4585987261146497,,0,,,,
129,VITAMINA COMPLEJO B JARABE 100ML,BALAXI,19.5,2.070063694267516,1.8630573248407645,,0,,,,
1144,VITAMINA COMPLEJO B JBE 200ML,JMW,14.7,1.5605095541401273,1.4044585987261147,,0,,,,
2192,VITAMINA E 1000 UI BLIST X 10 CAPS,SAAD,25.25,2.680467091295117,2.4124203821656054,,0,,,,
915,VITAMINA E X 30 CAPSULAS BLANDAS,AIRELA,36.83,3.9097664543524413,3.518789808917197,,0,,,,
1193,VITAMINA K 10MG (I.M/I.V) AMP,CLINIMED,7.25,0.7696390658174098,0.6926751592356688,,0,,,,
2311,VITAMINA K 10MG/1ML (I.M) AMP,BRIXMEDIC,6.97,0.7399150743099787,0.6659235668789809,,0,,,,
2063,VITISIVAL (COMPLEJO B) X 240 ML,VALMORCA,67.45,7.160297239915074,6.444267515923567,,0,,,,
336,VITREXON 50MG/5ML JBEX120ML,LABORATORIOS VARGAS,31.03,3.294055201698514,2.964649681528663,,0,,,,
3081,XANEXTRA 500MG/5ML AMP X 1 IV TRANEXAMI,ALESS,14.22,1.5095541401273886,1.3585987261146497,,0,,,,
306,YONAL 15MG/5ML JARABE X 120ML,BIOTECH,25.97,2.7569002123142248,2.4812101910828024,,0,,,,
936,YONALAT 15MG-3MG / 5ML JBE X 120ML,BIOTECH,29.87,3.1709129511677285,2.8538216560509557,,0,,,,
189,ZITRAP 100MG X 16 TABLETAS,GLENMARK,47.1,5,4.5,,0,,,,
,,TOTALES,,,,0,0,,,,
